{"EFO_0003767": {"epithelial cell of lacrimal sac": ["ADORA2B", "PTGS2", "PRKCI", "CHRM3", "ACHE", "IL1RL2", "GABRA2", "HRH1", "GABRB3", "IL6", "MMP1", "SCN2A", "XDH", "IL1RAP"], "fast muscle cell": ["PDE4D", "CUL4A", "RARB", "SCN4A", "PRKCQ", "GHR"], "regulatory t cell": ["PRKCH", "PPIA", "PRKCA", "SELPLG", "PRKCB", "NR3C1", "CD40LG", "ITGA4", "OPRM1", "ADORA2A", "PDE4B", "ITGB7", "PRKCQ", "IL23A", "TXK", "JAK1", "CD3E", "IL2RA", "JAK3", "ITK", "IFNAR2", "S1PR4"], "cardiac muscle cell": ["HMGCR", "RBX1", "PRKCI", "PPIA", "SIGMAR1", "S1PR1", "CRBN", "DHFR", "TYK2", "DDB1", "FKBP1A", "NCBP2"], "conjunctival epithelial cell": ["ADORA2B", "RBX1", "PTGS2", "ALOX5", "PRKCI", "PPIA", "CUL4A", "PRKCD", "DDB1", "MMP1", "NCBP2", "IL1RAP"], "myometrial cell": ["PTGS2", "JAK2", "ICAM1", "PPIA", "RARA", "SCN3A", "PRKCA", "SMAD7", "CNR1", "HRH1", "RARB", "IL6", "MMP1", "FKBP1A", "S1PR3", "PRKD1", "SCN2A"], "large intestine goblet cell": ["ACHE", "SMAD7", "PRKCG", "PRKCA", "PPARG", "HRH1", "PRKCZ", "VDR"], "respiratory mucous cell": ["HMGCR", "RBX1", "CHRM3", "PDE4D", "PPIA", "SIGMAR1", "TLR2", "IFNAR1", "RARB", "TYK2", "IL6", "PPAT", "MMP7", "NCBP1"], "fibroblast of breast": ["PPIA", "HRH1", "MMP7", "PTGS2", "SMAD7", "FKBP1A", "GHR", "ICAM1", "MAPK14", "ADORA1", "S1PR3", "PDE4B", "NCBP2", "PRKD3", "JAK1", "IFNAR1", "IL6", "MMP1", "PPAT"], "muscle cell": ["ICAM1", "PPIA", "RARA", "ACHE", "PPARG", "CNR1", "RARB", "IL6", "GABRD", "FKBP1A", "MMP1", "S1PR3", "AGTR1"], "paneth cell of epithelium of large intestine": ["GABRB1", "ADORA2B", "HMGCR", "PRKCI", "CHRM3", "SCN8A", "ACHE", "PPARG", "TEC", "HRH1", "PRKCZ", "PRKCD", "VDR", "FKBP1A", "GHR"], "myeloid cell": ["RBX1", "PPIA", "PRKCA", "SELPLG", "PRKCB", "NR3C1", "CUL4A", "BTK", "TLR7", "RARA", "SMAD7", "PPARG", "PRKCD", "FKBP1A", "ITGA4", "PTGS1", "JAK2", "MAPK14", "CD14", "NCBP2", "NCBP1", "PRKD3", "JAK1", "ALOX5", "TLR2", "IFNAR1", "TYK2", "PIKFYVE", "IFNAR2", "DDB1", "IL1RAP"], "club cell of prostate epithelium": ["PRKCI", "ALOX5", "PDE4D", "PRKCA", "PPARG", "IFNAR1", "PRKCZ", "RARB", "DDB1", "PRKCD", "PRKD1", "MMP7"], "epithelial cell": ["ADORA2B", "RBX1", "PTGS2", "CHRM3", "PPIA", "SIGMAR1", "PRKCD", "DDB1", "FKBP1A", "MMP1"], "capillary endothelial cell": ["PRKD3", "ICAM1", "PRKCH", "BMX", "CHRM3", "S1PR1", "SMAD7", "PRKD1", "PPARG", "HRH1", "RARB", "IFNAR2", "PRKCE", "FKBP1A", "IL6", "SCN4A", "TNF", "CHRM1"], "type ii pneumocyte": ["HMGCR", "JAK1", "RBX1", "ICAM1", "PDE4D", "PPIA", "SIGMAR1", "PRKCI", "SCN1A", "NR3C1", "PRKCZ", "PRKCE", "DDB1", "VDR", "FKBP1A", "PRKCD", "NCBP2"], "serous cell of epithelium of bronchus": ["RBX1", "CHRM3", "PDE4D", "PPIA", "SIGMAR1", "NR3C1", "CD14", "CUL4A", "PPARG", "IFNAR2", "DDB1", "PDE4B", "FKBP1A", "NCBP2", "MMP7"], "cd4-positive helper t cell": ["PRKCH", "PRKCA", "SELPLG", "PRKCB", "NR3C1", "TEC", "ITGA4", "OPRM1", "PDE4B", "ITGB7", "TNF", "PRKCQ", "IL23A", "TXK", "JAK1", "CD3E", "IL2RA", "S1PR1", "CRBN", "JAK3", "ITK"], "bladder urothelial cell": ["ADORA2B", "RBX1", "HMGCR", "PTGS2", "ALOX5", "PPIA", "PRKCI", "PRKCA", "PPARG", "HRH1", "IFNAR1", "PRKCD", "DDB1", "FKBP1A", "NCBP2", "MMP7"], "dn4 thymocyte": ["RBX1", "PRKCH", "PPIA", "PRKCA", "SELPLG", "PRKCB", "NR3C1", "CUL4A", "DHFR", "FKBP1A", "ITGA4", "PDE4B", "ITGB7", "PRKCQ", "NCBP1", "CD3E", "TXK", "JAK1", "S1PR1", "JAK3", "ITK", "TYK2", "IFNAR2", "DDB1", "S1PR4"], "pancreatic beta cell": ["RBX1", "SCN8A", "CRBN", "OPRD1", "GABRB3", "DDB1"], "ciliary body": ["PTGS2", "RBX1", "CHRM3", "PDE4D", "RARA", "PIKFYVE", "DDB1", "DHFR"], "cd8-positive, alpha-beta cytokine secreting effector t cell": ["PRKCH", "CNR2", "SELPLG", "PRKCB", "SMAD7", "TEC", "ITGA4", "PTGS1", "ITGB7", "PRKCQ", "NCBP1", "PRKD3", "CD3E", "TXK", "JAK1", "PDE4D", "S1PR1", "CRBN", "JAK3", "ITK", "IFNAR2", "S1PR4"], "endothelial cell of lymphatic vessel": ["RBX1", "PRKCH", "BMX", "PPIA", "CUL4A", "PRKCZ", "MMP7", "PTGS2", "RARA", "PPARG", "FKBP1A", "ICAM1", "PDE4B", "PRKD3", "JAK1", "S1PR1", "CRBN", "IFNAR1", "PRKCE", "DDB1", "IL6", "DHODH"], "lymphatic endothelial cell": ["PRKD3", "RBX1", "PRKCH", "JAK1", "BMX", "PPIA", "S1PR1", "CRBN", "NR3C1", "PPARG", "IFNAR1", "PRKCZ", "PIKFYVE", "FKBP1A"], "duct epithelial cell": ["PRKCI", "CHRM3", "PDE4D", "TLR2", "CD14", "CUL4A", "IFNAR1", "RARB", "DDB1", "IL6", "MMP7"], "respiratory goblet cell": ["ADORA2B", "RBX1", "HMGCR", "PRKCI", "PPIA", "CRBN", "IFNAR1", "PRKCZ", "RARB", "DDB1", "PRKCD", "FKBP1A", "MMP7"], "double-positive, alpha-beta thymocyte": ["PRKCI", "RBX1", "PRKCH", "PPIA", "CNR2", "PRKCA", "SELPLG", "PRKCB", "NR3C1", "PRKCZ", "DHFR", "PTGS2", "RARA", "FKBP1A", "ITGA4", "CD14", "PDE4B", "ITGB7", "TNF", "IL23A", "JAK1", "CD3E", "IL2RA", "PDE4D", "IL1RAP", "JAK3", "ITK", "PIKFYVE", "MS4A1", "S1PR4"], "hillock cell of prostate epithelium": ["PRKCI", "ALOX5", "PDE4D", "PPARG", "IFNAR1", "PRKCZ", "RARB", "DDB1", "VDR", "PRKCD"], "acinar cell of salivary gland": ["PRKCI", "PDE4D", "ACHE", "ADORA1", "TLR2", "CD14", "TEC", "IFNAR1", "PRKCZ", "RARB", "IL6", "MMP7", "CHRM1", "XDH"], "type i nk t cell": ["PRKCH", "CNR2", "PRKCA", "SELPLG", "PRKCB", "NR3C1", "CD40LG", "SMAD7", "TEC", "ITGA4", "OPRM1", "PDE4B", "ITGB7", "TNF", "PRKCQ", "IL23A", "TXK", "CD3E", "JAK1", "IL2RA", "JAK3", "ITK", "S1PR5"], "radial glial cell": ["PRKD3", "ADORA2B", "RBX1", "JAK1", "HMGCR", "PTGS2", "PPIA", "PRKCI", "CUL4A", "HRH1", "IFNAR1", "PRKCD", "DDB1", "MMP1", "NCBP2", "IL1RAP"], "non-classical monocyte": ["RBX1", "MADCAM1", "SELPLG", "PRKCB", "CUL4A", "BTK", "CXCL10", "TLR7", "RARA", "PRKCD", "FKBP1A", "ITGA4", "PTGS1", "FFAR2", "JAK2", "CD14", "GABRB1", "ALOX5", "TLR2", "SLC6A3", "IFNAR1", "PRKCE", "TYK2", "IFNAR2", "IL1RAP"], "pancreatic ductal cell": ["RBX1", "PPIA", "PRKCA", "CRBN", "ADORA1", "IFNAR1", "GABRB3", "PRKCD", "DDB1", "MMP7"], "duodenum glandular cell": ["HMGCR", "RBX1", "PRKCI", "CHRM3", "PDE4D", "PRKCA", "GABRB3", "PRKCZ", "DDB1", "MMP1"], "fibroblast": ["RBX1", "PPIA", "SIGMAR1", "PRKCA", "NR3C1", "HRH1", "AGTR1", "PTGS2", "SMAD7", "FKBP1A", "PTGS1", "GHR", "ICAM1", "PRKD3", "JAK1", "IFNAR1", "DDB1", "IL6", "S1PR3"], "eye photoreceptor cell": ["PRKD3", "RBX1", "PDE4D", "PRKCA", "CRBN", "GABRB3", "DDB1", "NCBP2"], "myofibroblast cell": ["PRKCA", "NR3C1", "CXCL10", "SCN4A", "AGTR1", "SCN3A", "PTGS2", "SMAD7", "PPARG", "GHR", "JAK2", "ICAM1", "ACHE", "SCN5A", "CNR1", "S1PR2", "JAK1", "IL6", "S1PR3"], "cd1c-positive myeloid dendritic cell": ["RBX1", "PRKCH", "PPIA", "SELPLG", "PRKCB", "BTK", "PTGS2", "RARA", "PRKCD", "FKBP1A", "ITGA4", "JAK2", "ICAM1", "MAPK14", "CD14", "PDE4B", "ITGB7", "PRKD3", "JAK1", "ALOX5", "IL2RA", "TLR2", "IFNAR1", "JAK3", "TYK2", "PIKFYVE", "MMP1", "IFNAR2", "VDR", "IL1RAP"], "ciliated cell": ["HMGCR", "RBX1", "CUL4A", "IFNAR1", "PRKCZ", "RARB", "IFNAR2", "PRKCE", "DDB1"], "transit amplifying cell of large intestine": ["HMGCR", "RBX1", "PRKCI", "NCBP2", "PPIA", "SIGMAR1", "PPARG", "CUL4A", "DDB1", "VDR", "FKBP1A", "DHFR"], "sperm": ["PTGS2", "RBX1", "CHRM3", "PPIA", "SIGMAR1", "SCN5A", "FKBP1A", "NCBP2", "GHR"], "stromal cell": ["PPIA", "SIGMAR1", "CUL4A", "AGTR1", "PTGS2", "RARA", "SMAD7", "FKBP1A", "ICAM1", "S1PR2", "S1PR3", "PDE4B", "NCBP2", "PRKD3", "JAK1", "PDE4D", "PRKCE", "PIKFYVE", "DDB1", "MMP1", "IL6", "PPAT"], "myoepithelial cell": ["PRKCI", "CHRM3", "PDE4D", "SIGMAR1", "ACHE", "CD14", "IL13", "PRKCZ", "RARB", "PRKD1", "MMP7", "SCN2A"], "pulmonary ionocyte": ["HMGCR", "RBX1", "PTGS2", "MAPK14", "PPIA", "ACHE", "CRBN", "IFNAR1", "DDB1", "FKBP1A", "NCBP1"], "langerhans cell": ["PRKCI", "RBX1", "PPIA", "SELPLG", "PRKCZ", "BTK", "RARA", "SMAD7", "TEC", "FKBP1A", "PTGS1", "ICAM1", "S1PR2", "PDE4B", "NCBP2", "TNF", "PRKCQ", "JAK1", "ALOX5", "IL2RA", "S1PR1", "IFNAR1", "ITK", "TYK2", "PIKFYVE", "MMP1", "VDR", "DDB1", "IL6", "IL1RAP"], "tendon cell": ["PRKD3", "PTGS2", "RBX1", "PPIA", "SIGMAR1", "PRKCA", "SMAD7", "NR3C1", "CUL4A", "HRH1", "S1PR2", "IL6", "FKBP1A", "S1PR3", "PRKD1", "AGTR1", "PTGS1", "GHR"], "intestinal tuft cell": ["GABRB1", "BMX", "ALOX5", "PDE4D", "PRKCA", "CD14", "TLR9", "PRKCZ", "PRKCD", "PTGS1"], "mesothelial cell": ["PRKCI", "RBX1", "PPIA", "CRBN", "IFNAR1", "DDB1", "FKBP1A", "PRKD1", "PTGS1"], "transit amplifying cell of small intestine": ["HMGCR", "PRKCI", "PPIA", "SIGMAR1", "PRKCA", "PPARG", "CUL4A", "PRKCZ", "PRKCD", "VDR", "DHFR", "NCBP1"], "basal cell": ["ADORA2B", "RBX1", "HMGCR", "PRKCI", "PPIA", "CUL4A", "PRKCZ", "RARB", "DDB1", "VDR", "IL1RAP"], "microglial cell": ["RBX1", "PPIA", "PRKCA", "SELPLG", "BTK", "TLR7", "PTGS2", "RARA", "SMAD7", "PRKCD", "FKBP1A", "ITGA4", "PTGS1", "JAK2", "ICAM1", "CD14", "PDE4B", "TNF", "PRKD3", "ALOX5", "IL2RA", "TLR2", "IFNAR1", "JAK3", "PRKCE", "TYK2", "PIKFYVE", "IFNAR2", "VDR", "IL1RAP"], "naive regulatory t cell": ["PRKCH", "PPIA", "PRKCA", "SELPLG", "PRKCB", "NR3C1", "CUL4A", "PRKCZ", "ITGA4", "ADORA2A", "PDE4B", "ITGB7", "TNF", "PRKCQ", "NCBP1", "IL23A", "TXK", "JAK1", "CD3E", "IL2RA", "S1PR1", "JAK3", "ITK", "TYK2", "PIKFYVE", "S1PR4"], "endothelial cell of vascular tree": ["PRKCH", "BMX", "PPIA", "CUL4A", "HRH1", "RARB", "PTGS2", "SMAD7", "PPARG", "FKBP1A", "ICAM1", "CNR1", "NCBP2", "PRKD3", "JAK1", "S1PR1", "CRBN", "PRKCE", "IL6", "MMP1", "PPAT", "IL1RAP"], "retinal ganglion cell": ["RBX1", "CSF2RA", "PDE4D", "S1PR1", "PRKD1", "CRBN", "PRKCZ", "TYK2", "IFNAR2", "NCBP2"], "cd8-positive, alpha-beta cytotoxic t cell": ["PRKCH", "CNR2", "SELPLG", "PRKCB", "NR3C1", "PRKCZ", "SMAD7", "ITGA4", "ADORA2A", "IL13", "PDE4B", "ITGB7", "TNF", "PRKCQ", "NCBP1", "IL23A", "TXK", "JAK1", "CD3E", "IL2RA", "PDE4D", "S1PR1", "JAK3", "ITK", "DDB1", "MMP1", "S1PR5", "MS4A1", "S1PR4"], "hepatocyte": ["HMGCR", "RBX1", "PRKCI", "MAPK14", "CUL4A", "DHFR", "PRKCZ", "PPAT", "DHODH", "NCBP2", "NCBP1", "IL1RAP", "GHR"], "pericyte cell": ["RBX1", "JAK1", "PPIA", "SIGMAR1", "RARA", "SMAD7", "NR3C1", "PPARG", "CNR1", "RARB", "IL6", "S1PR3", "SCN4A", "AGTR1", "SCN3A", "GHR"], "fibroblast of cardiac tissue": ["RBX1", "BMX", "PDE4D", "SMAD7", "IFNAR1", "RARB", "PRKD1", "NCBP1", "GHR"], "liver dendritic cell": ["HMGCR", "RBX1", "PPIA", "SELPLG", "PRKCB", "NR3C1", "CUL4A", "BTK", "RARB", "TLR7", "PTGS2", "RARA", "FKBP1A", "ITGA4", "PTGS1", "JAK2", "ICAM1", "CD14", "PDE4B", "ITGB7", "NCBP1", "PRKD3", "ALOX5", "CRBN", "TLR2", "JAK3", "PRKCE", "TYK2", "PIKFYVE", "IFNAR2", "VDR", "DDB1", "DHODH"], "pancreatic pp cell": ["TPH1", "PDE4D", "CHRM3", "SCN8A", "SCN3A", "GABRA6", "GABRB3", "PRKCE", "DDB1", "AGTR1", "SCN2A", "NCBP1", "IL1RAP"], "goblet cell": ["HMGCR", "PRKCI", "CHRM3", "PDE4D", "ACHE", "PRKCA", "GABRA2", "PPARG", "HRH1", "GABRB3", "PRKCZ", "PRKCD", "VDR", "NCBP1"], "ionocyte": ["PTGS2", "PRKCI", "PPIA", "CD14", "IFNAR1", "RARB", "IL6", "MMP7"], "t follicular helper cell": ["HMGCR", "PRKCH", "MADCAM1", "PPIA", "PRKCA", "SELPLG", "PRKCB", "NR3C1", "PRKCZ", "RARA", "ITGA4", "ADORA2A", "PDE4B", "ITGB7", "TNF", "PRKCQ", "NCBP1", "IL23A", "TXK", "JAK1", "CD3E", "IL2RA", "PDE4D", "S1PR1", "JAK3", "ITK", "DDB1", "S1PR4"], "plasma cell": ["PRKD3", "RBX1", "PPIA", "SELPLG", "PRKCB", "DHFR", "IFNAR1", "JAK3", "BTK", "ITGA4", "TYK2", "IFNAR2", "DDB1", "ITGB7", "PPAT", "PRKCD", "NCBP2", "S1PR4"], "epithelial cell of uterus": ["HMGCR", "RBX1", "PTGS2", "ICAM1", "PPIA", "SMAD7", "TNF", "S1PR2", "DDB1", "FKBP1A", "NCBP2", "MMP7", "PTGS1"], "cardiac endothelial cell": ["PRKD3", "RBX1", "PRKCH", "BMX", "S1PR1", "SMAD7", "PRKD1", "PPARG", "IFNAR1", "RARB", "IFNAR2", "PRKCE", "FKBP1A", "SCN4A"], "endothelial cell of hepatic sinusoid": ["PRKCH", "BMX", "RARB", "PTGS2", "SMAD7", "PPARG", "FKBP1A", "PTGS1", "FFAR2", "ICAM1", "CHRM3", "CD14", "PRKD3", "S1PR1", "CRBN", "IFNAR1", "PRKCE", "PIKFYVE", "IFNAR2", "PRKD1"], "alveolar fibroblast": ["PTGS2", "ICAM1", "SMAD7", "PRKCA", "S1PR2", "RARB", "IL6", "S1PR3", "PRKD1", "AGTR1", "GHR"], "ocular surface cell": ["PRKCH", "BMX", "PPIA", "NR3C1", "CUL4A", "PRKCZ", "RARA", "PPARG", "FKBP1A", "ICAM1", "MAPK14", "SCN5A", "PDE4B", "NCBP2", "PRKD3", "JAK1", "S1PR1", "CRBN", "IFNAR1", "PRKCE", "DDB1", "DHODH"], "small intestine goblet cell": ["HMGCR", "PRKCI", "ACHE", "PRKCA", "SMAD7", "PPARG", "TEC", "HRH1", "PRKCZ", "PRKCD", "VDR", "MMP1", "NCBP1", "FFAR2"], "erythroid progenitor": ["RBX1", "PPIA", "CUL4A", "BTK", "DHFR", "TEC", "FKBP1A", "ITGA4", "PTGS1", "JAK2", "MAPK14", "ACHE", "NCBP2", "PRKCQ", "NCBP1", "CRBN", "DDB1", "PPAT", "S1PR4"], "skeletal muscle satellite stem cell": ["PDE4D", "PPIA", "ACHE", "SMAD7", "SCN5A", "PRKD1", "NR3C1", "CNR1", "PPAT", "PDE4B", "S1PR3", "NCBP2", "IL1RAP", "GHR"], "myeloid dendritic cell": ["ADORA2B", "RBX1", "PRKCI", "PPIA", "SELPLG", "PRKCB", "NR3C1", "DHFR", "RARA", "FKBP1A", "ITGA4", "JAK2", "ICAM1", "MAPK14", "PDE4B", "ITGB7", "JAK1", "IFNAR1", "PIKFYVE", "IFNAR2", "DDB1", "PPAT"], "dendritic cell": ["ADORA2B", "RBX1", "PRKCH", "PPIA", "IL1RL2", "SELPLG", "PRKCB", "BTK", "CD80", "TLR7", "PTGS2", "RARA", "SMAD7", "PRKCD", "FKBP1A", "ITGA4", "PTGS1", "JAK2", "ICAM1", "CD14", "S1PR2", "PDE4B", "ITGB7", "TNF", "TXK", "ALOX5", "IL1RAP", "TLR2", "ITK", "TYK2", "IFNAR2", "CD86", "VDR", "S1PR5", "S1PR4"], "intestinal crypt stem cell": ["HMGCR", "RBX1", "PRKCI", "PPIA", "SIGMAR1", "PRKCA", "CRBN", "PPARG", "CUL4A", "DDB1", "VDR", "FKBP1A", "NCBP2", "NCBP1"], "dn3 thymocyte": ["PRKCH", "PRKCA", "SELPLG", "PRKCB", "CD40LG", "ITGA4", "OPRM1", "PDE4B", "ITGB7", "NCBP2", "PRKCQ", "IL23A", "TXK", "JAK1", "CD3E", "IL2RA", "CRBN", "JAK3", "ITK", "IFNAR2"], "limbal stem cell": ["PRKD3", "PRKCI", "PDE4D", "PPIA", "CUL4A", "IFNAR1", "PRKCZ", "PIKFYVE", "DDB1", "MMP1", "S1PR5", "IL1RAP"], "adventitial cell": ["RBX1", "JAK1", "MAPK14", "PPIA", "SIGMAR1", "CRBN", "NR3C1", "DDB1", "IL6", "FKBP1A", "S1PR3", "NCBP2", "AGTR1", "GHR"], "cd141-positive myeloid dendritic cell": ["RBX1", "PPIA", "SELPLG", "PRKCB", "NR3C1", "BTK", "PTGS2", "RARA", "PRKCD", "FKBP1A", "ITGA4", "JAK2", "ICAM1", "MAPK14", "PDE4B", "ITGB7", "NCBP2", "PRKD3", "JAK1", "ALOX5", "TLR2", "IFNAR1", "JAK3", "TYK2", "PIKFYVE", "IFNAR2", "VDR", "DDB1", "S1PR4"], "enterocyte of epithelium of large intestine": ["ADORA2B", "SCN8A", "ACHE", "PRKCA", "SMAD7", "PPARG", "TEC", "HRH1", "PRKCZ", "VDR"], "enterocyte of epithelium of small intestine": ["PRKCI", "RARA", "PRKCA", "SMAD7", "PPARG", "TEC", "HRH1", "PRKCZ", "PRKCD", "VDR", "MMP1"], "immune cell": ["HMGCR", "PRKCH", "PRKCA", "SELPLG", "NR3C1", "CD40LG", "CD80", "PTGS2", "RARA", "SMAD7", "OPRM1", "PTGS1", "S1PR2", "IL13", "PDE4B", "ITGB7", "TNF", "PRKCQ", "IL23A", "CD3E", "IL2RA", "PDE4D", "IL1RAP", "TLR2", "JAK3", "ITK", "VDR", "CD86", "S1PR4"], "myeloid progenitor": ["RBX1", "PPIA", "PRKCB", "NR3C1", "CUL4A", "BTK", "DHFR", "TEC", "FKBP1A", "ITGA4", "PTGS1", "MAPK14", "NCBP2", "PRKCQ", "NCBP1", "PRKD3", "JAK1", "CRBN", "PIKFYVE", "DDB1", "PPAT", "S1PR4"], "plasmablast": ["PRKCI", "RBX1", "PPIA", "SELPLG", "PRKCB", "BTK", "DHFR", "PRKCD", "FKBP1A", "ITGA4", "JAK2", "PDE4B", "ITGB7", "NCBP2", "PRKD3", "S1PR1", "IFNAR1", "TYK2", "IFNAR2", "VDR", "DDB1"], "kidney epithelial cell": ["PRKCI", "RBX1", "PDE4D", "PPIA", "CRBN", "DHFR", "GABRB3", "PRKCZ", "PRKCE", "DDB1", "VDR", "FKBP1A", "NCBP2", "MMP7"], "intrahepatic cholangiocyte": ["HMGCR", "RBX1", "PRKCI", "SCN8A", "PRKCA", "CUL4A", "IFNAR1", "GABRB3", "RARB", "DDB1", "DHODH", "MMP7", "NCBP1", "IL1RAP"], "retina horizontal cell": ["PRKD3", "RBX1", "PDE4D", "SIGMAR1", "ACHE", "SCN3A", "PRKCA", "GABRG1", "GABRG3", "GABRB3", "PRKCZ", "RARB", "DDB1", "NCBP2", "SCN2A"], "plasmacytoid dendritic cell": ["RBX1", "PPIA", "CNR2", "SIGMAR1", "SELPLG", "PRKCB", "NR3C1", "BTK", "TLR7", "PRKCD", "ITGA4", "JAK2", "ICAM1", "PDE4B", "ITGB7", "NCBP1", "JAK3", "PRKCE", "TYK2", "IFNAR2", "DDB1", "MS4A1", "S1PR4"], "tracheal goblet cell": ["ADORA2B", "HMGCR", "PRKCI", "PDE4D", "CUL4A", "PRKCZ", "RARB", "PIKFYVE", "TYK2", "DDB1", "PRKCD"], "club cell": ["ADORA2B", "RBX1", "HMGCR", "PTGS2", "PDE4D", "ICAM1", "PRKCI", "TLR2", "PRKCZ", "PRKCE", "PRKCD", "MMP7"], "cd4-positive, alpha-beta memory t cell": ["PRKCH", "PRKCA", "SELPLG", "PRKCB", "NR3C1", "CD40LG", "ITGA4", "OPRM1", "PDE4B", "ITGB7", "TNF", "PRKCQ", "IL23A", "TXK", "CD3E", "JAK1", "IL2RA", "PDE4D", "S1PR1", "CRBN", "JAK3", "ITK", "IFNAR2"], "vascular associated smooth muscle cell": ["JAK1", "JAK2", "PDE4C", "PPIA", "SIGMAR1", "RARA", "ACHE", "PRKD1", "PPARG", "CNR1", "RARB", "IL6", "S1PR3", "SCN4A", "AGTR1", "SCN3A", "GHR"], "cell of skeletal muscle": ["PRKD3", "PDE4D", "PPIA", "RARA", "SMAD7", "PRKD1", "CNR1", "HRH1", "CUL4A", "DDB1", "IL6", "MMP1", "FKBP1A", "NCBP2"], "type i pneumocyte": ["HMGCR", "RBX1", "PTGS2", "ICAM1", "PDE4D", "PPIA", "PRKCI", "SMAD7", "CRBN", "SCN1A", "IFNAR1", "PRKCZ", "PRKCD", "DDB1", "VDR", "FKBP1A", "DHFR", "MMP7"], "medullary thymic epithelial cell": ["PRKCI", "RBX1", "ICAM1", "PPIA", "SIGMAR1", "RARA", "PRKD1", "CD14", "IFNAR1", "DDB1", "FKBP1A", "NCBP2", "PTGS1", "GHR"], "mucus secreting cell": ["ADORA2B", "HMGCR", "PRKCI", "PDE4D", "TLR2", "CUL4A", "RARB", "TYK2", "DDB1", "NCBP2"], "luminal epithelial cell of mammary gland": ["PRKCI", "RBX1", "JAK1", "ALOX5", "PPIA", "RARA", "CRBN", "TLR2", "IFNAR1", "MMP1", "PDE4B", "FKBP1A", "NCBP2", "MMP7"], "gut endothelial cell": ["PRKD3", "PTGS2", "ICAM1", "PRKCH", "BMX", "S1PR1", "SMAD7", "CRBN", "HRH1", "IFNAR1", "RARB", "IL6", "FKBP1A", "PTGS1"], "serous cell of epithelium of trachea": ["PRKCI", "RBX1", "CHRM3", "PDE4D", "TLR2", "CD14", "CUL4A", "DDB1", "IL6", "MMP7", "XDH"], "immature natural killer cell": ["PRKCH", "CNR2", "PRKCA", "PRKCB", "NR3C1", "SMAD7", "TEC", "ITGA4", "JAK2", "IL13", "ITGB7", "PRKCQ", "IL23A", "TXK", "JAK1", "IL2RA", "S1PR1", "JAK3", "ITK", "PIKFYVE", "IFNAR2", "S1PR4"], "hematopoietic stem cell": ["RBX1", "PPIA", "SELPLG", "PRKCB", "NR3C1", "BTK", "DHFR", "MMP7", "TEC", "FKBP1A", "ITGA4", "PTGS1", "CHRM3", "MAPK14", "NCBP2", "PRKCQ", "NCBP1", "PRKD3", "CRBN", "JAK3", "DDB1", "PPAT", "S1PR4"], "nk cell": ["TXK", "PRKCH", "JAK1", "IL2RA", "PDE4D", "CNR2", "SMAD7", "CRBN", "SELPLG", "PRKCB", "TEC", "JAK3", "ITGA4", "ITK", "IFNAR2", "ITGB7", "PRKCQ"], "ciliated epithelial cell": ["HMGCR", "RBX1", "ICAM1", "PPIA", "CUL4A", "PRKCZ", "DDB1", "FKBP1A", "NCBP2", "MMP7"], "retinal pigment epithelial cell": ["GABRB1", "HMGCR", "ADORA2B", "RBX1", "PRKCB", "GABRB3", "DDB1", "MMP1", "PRKCQ"], "endothelial cell of artery": ["RBX1", "PRKCH", "BMX", "PPIA", "NR3C1", "HRH1", "RARB", "PTGS2", "SMAD7", "PPARG", "FKBP1A", "ICAM1", "CHRM3", "MAPK14", "PRKD3", "S1PR1", "CRBN", "IFNAR1", "PRKCE", "IFNAR2", "IL6", "PRKD1"], "pancreatic alpha cell": ["PRKCI", "RBX1", "SCN8A", "CRBN", "PRKCG", "PRKCE", "DDB1", "SCN3A", "FFAR2"], "nampt neutrophil": ["BMX", "MADCAM1", "SELPLG", "PRKCB", "NR3C1", "BTK", "PTGS2", "RARA", "PRKCD", "FKBP1A", "FFAR2", "JAK2", "MAPK14", "SCN5A", "CD14", "ALOX5", "IL1RAP", "MMP8", "TLR2", "OPRD1", "IFNAR1", "JAK3", "TYK2", "IFNAR2", "GABRA1", "S1PR4"], "lung microvascular endothelial cell": ["PRKD3", "RBX1", "PRKCH", "BMX", "ICAM1", "PPIA", "S1PR1", "SMAD7", "CRBN", "PPARG", "CD14", "CNR1", "HRH1", "RARB", "IFNAR2", "PRKCE", "FKBP1A", "IL6"], "bronchial smooth muscle cell": ["JAK2", "RBX1", "CNR1", "PRKCE", "PRKCD", "S1PR3", "AGTR1"], "bronchial vessel endothelial cell": ["PRKD3", "RBX1", "PRKCH", "JAK1", "BMX", "PPIA", "SIGMAR1", "ICAM1", "S1PR1", "CUL4A", "HRH1", "IFNAR1", "DDB1", "IL6", "PDE4B", "FKBP1A", "NCBP2"], "granulocyte": ["RBX1", "PPIA", "SELPLG", "PRKCB", "NR3C1", "CUL4A", "BTK", "DHFR", "PRKCD", "FKBP1A", "ITGA4", "JAK2", "MAPK14", "NCBP2", "NCBP1", "PRKD3", "IL1RAP", "TLR2", "IFNAR1", "JAK3", "PRKCE", "TYK2", "PIKFYVE", "IFNAR2", "DDB1", "S1PR4"], "lacrimal gland functional unit cell": ["PRKD3", "PRKCI", "CHRM3", "PDE4D", "SCN3A", "SCN1A", "RARB", "PIKFYVE", "NCBP1", "PRKCE", "PPAT", "PRKD1", "SCN2A", "XDH", "OPRM1"], "vein endothelial cell": ["RBX1", "PRKCH", "BMX", "PPIA", "CUL4A", "HRH1", "RARB", "RARA", "SMAD7", "PPARG", "FKBP1A", "ICAM1", "CNR1", "NCBP2", "PRKD3", "JAK1", "S1PR1", "CRBN", "IFNAR1", "PRKCE", "IFNAR2", "DDB1", "IL6"], "muller cell": ["RBX1", "SCN8A", "PRKCA", "GABRB3", "PRKCZ", "RARB", "DHFR", "GABRA4", "GABRG1", "ADORA1", "GABRG3", "NCBP2", "SCN2A", "GABRB1", "S1PR1", "PIKFYVE", "DDB1", "GABRA1", "PRKD1"], "retinal bipolar neuron": ["HMGCR", "RBX1", "TPH1", "PRKCA", "GABRA2", "SCN1A", "PRKCB", "GABRB3", "PRKCZ", "GABRD", "CHRM3", "ACHE", "PDE4B", "NCBP2", "SCN2A", "NCBP1", "PRKD3", "CRBN", "PRKCE", "DDB1", "GABRA1"], "schwann cell": ["PRKD3", "HMGCR", "RBX1", "GABRB1", "PRKCI", "PRKCA", "PRKD1", "IFNAR1", "GABRB3", "RARB", "IFNAR2", "PRKCE", "DDB1", "SCN4A", "NCBP2"], "endothelial cell": ["RBX1", "PRKCH", "BMX", "PPIA", "NR3C1", "HRH1", "RARB", "SCN4A", "RARA", "SMAD7", "PPARG", "FKBP1A", "ICAM1", "PRKD3", "JAK1", "S1PR1", "CRBN", "IFNAR1", "IFNAR2", "DDB1", "MMP1", "IL6"], "monocyte": ["RBX1", "PPIA", "SELPLG", "PRKCB", "CUL4A", "BTK", "DHFR", "TLR7", "RARA", "PRKCD", "FKBP1A", "ITGA4", "PTGS1", "FFAR2", "JAK2", "MAPK14", "CD14", "ALOX5", "IL1RAP", "CRBN", "TLR2", "IFNAR1", "JAK3", "PRKCE", "TYK2", "PIKFYVE", "IFNAR2", "VDR", "S1PR3", "S1PR4"], "pancreatic delta cell": ["RBX1", "SCN8A", "CRBN", "NR3C1", "OPRD1", "GABRB3", "PRKCE", "DDB1", "SCN3A"], "luminal cell of prostate epithelium": ["HMGCR", "PRKCI", "PDE4D", "SIGMAR1", "CRBN", "CUL4A", "IFNAR1", "PRKCZ", "PRKCD", "PIKFYVE", "OPRK1", "PDE4B", "FKBP1A", "DDB1", "PRKD1", "CHRM1", "GHR"], "corneal epithelial cell": ["HMGCR", "JAK1", "RBX1", "PTGS2", "PRKCI", "PPIA", "CUL4A", "PRKCD", "DDB1", "VDR", "FKBP1A", "NCBP2"], "limbal stromal cell": ["RBX1", "ACHE", "ADORA1", "IFNAR1", "RARB", "DDB1", "DHFR", "CHRM1"], "keratinocyte": ["HMGCR", "RBX1", "PRKCI", "MAPK14", "PPIA", "PRKCZ", "DDB1", "VDR", "FKBP1A", "PTGS1"], "intermediate monocyte": ["RBX1", "BMX", "PPIA", "IL1RL2", "SELPLG", "PRKCB", "BTK", "TLR7", "CXCL10", "PTGS2", "RARA", "TEC", "PRKCD", "FKBP1A", "ITGA4", "FFAR2", "JAK2", "ICAM1", "MAPK14", "SCN5A", "CD14", "PDE4B", "ALOX5", "IL1RAP", "MMP8", "TLR2", "IFNAR1", "JAK3", "PRKCE", "TYK2", "PIKFYVE", "IFNAR2", "VDR", "S1PR4"], "memory b cell": ["PPIA", "CNR2", "PRKCB", "BTK", "TEC", "PRKCD", "ITGA4", "PDE4B", "ITGB7", "NCBP2", "TNF", "PRKD3", "JAK1", "ALOX5", "IL2RA", "JAK3", "PRKCE", "PIKFYVE", "MS4A1", "S1PR4"], "basal cell of prostate epithelium": ["PTGS2", "RBX1", "PRKCI", "CHRM3", "NR3C1", "TLR2", "IFNAR1", "PRKCD", "DDB1", "GHR"], "lung ciliated cell": ["HMGCR", "RBX1", "PRKCI", "PDE4D", "PRKCZ", "RARB", "IFNAR2", "PRKCE", "DDB1", "PRKCD"], "intestinal crypt stem cell of large intestine": ["ACHE", "RARA", "SMAD7", "PRKCG", "PRKCA", "PPARG", "HRH1", "PRKCZ", "VDR"], "intestinal crypt stem cell of small intestine": ["HMGCR", "PRKCI", "PPIA", "SIGMAR1", "RARA", "PRKCA", "SMAD7", "PPARG", "PRKCZ", "PRKCD", "DDB1", "VDR", "FKBP1A", "DHFR"], "intestinal enteroendocrine cell": ["HMGCR", "TPH1", "PDE4D", "SCN8A", "PRKCA", "GABRA2", "PPARG", "GABRB3", "DDB1", "VDR", "NCBP1"], "smooth muscle cell": ["RBX1", "JAK2", "TPH1", "PPIA", "SIGMAR1", "SMAD7", "CRBN", "IFNAR1", "DDB1", "S1PR3", "PRKD1"], "pancreatic stellate cell": ["RBX1", "JAK1", "PPIA", "SIGMAR1", "RARA", "PRKCA", "CRBN", "NR3C1", "PPARG", "CNR1", "S1PR2", "FKBP1A", "S1PR3", "NCBP2", "AGTR1", "GHR"], "dn1 thymic pro-t cell": ["PRKCH", "PRKCA", "SELPLG", "PRKCB", "NR3C1", "CD40LG", "SMAD7", "ITGA4", "OPRM1", "PDE4B", "ITGB7", "NCBP2", "TNF", "PRKCQ", "IL23A", "TXK", "JAK1", "CD3E", "IL2RA", "PDE4D", "S1PR1", "CRBN", "JAK3", "ITK", "S1PR5", "S1PR4"], "hillock-club cell of prostate epithelium": ["PTGS2", "RBX1", "PRKCI", "ALOX5", "PDE4D", "PRKCA", "CRBN", "PPARG", "IFNAR1", "PRKCZ", "RARB", "DDB1", "PRKCD", "FKBP1A", "NCBP2", "MMP7"], "mature conventional dendritic cell": ["RBX1", "PRKCH", "TPH1", "PPIA", "SELPLG", "CD80", "PRKCD", "ITGA4", "JAK2", "ICAM1", "MAPK14", "ACHE", "JAK1", "ALOX5", "S1PR1", "IFNAR1", "JAK3", "PRKCE", "TYK2", "PIKFYVE", "CD86", "IFNAR2", "DDB1"], "naive thymus-derived cd4-positive, alpha-beta t cell": ["PRKCH", "PPIA", "PRKCA", "SELPLG", "PRKCB", "CD40LG", "ITGA4", "OPRM1", "PDE4B", "ITGB7", "PRKCQ", "IL23A", "TXK", "CD3E", "JAK1", "IL2RA", "CRBN", "JAK3", "ITK"], "secretory cell": ["ADORA2B", "RBX1", "HMGCR", "PRKCI", "PPIA", "CUL4A", "IFNAR1", "PRKCZ", "RARB", "TYK2", "DDB1", "PRKCD", "NCBP2"], "adipocyte": ["HMGCR", "RBX1", "PRKCI", "PPIA", "SIGMAR1", "CRBN", "PPARG", "CUL4A", "DHFR", "DDB1", "VDR", "FKBP1A", "S1PR3", "NCBP2"], "melanocyte": ["PRKD3", "RBX1", "ICAM1", "PDE4D", "PPIA", "NR3C1", "RARB", "PIKFYVE", "PRKCE", "MMP1", "DDB1", "PPAT", "PRKD1"], "salivary gland cell": ["PRKCI", "RBX1", "PRKCH", "JAK1", "ICAM1", "PPIA", "CRBN", "TLR2", "CD14", "DHFR", "NR3C1", "IFNAR1", "IFNAR2", "IL6", "NCBP2", "MMP7"], "corneal keratocyte": ["PRKCI", "SIGMAR1", "PRKCA", "RARB", "AGTR1", "PTGS2", "RARA", "GHR", "CHRM3", "MAPK14", "S1PR2", "SCN2A", "PRKD3", "JAK1", "CRBN", "IFNAR1", "DDB1", "S1PR3", "PRKD1"], "classical monocyte": ["RBX1", "PPIA", "SELPLG", "PRKCB", "CUL4A", "BTK", "DHFR", "TLR7", "PTGS2", "RARA", "PPARG", "PRKCD", "FKBP1A", "ITGA4", "FFAR2", "JAK2", "ICAM1", "MAPK14", "CD14", "PDE4B", "NCBP1", "PRKD3", "JAK1", "ALOX5", "IL1RAP", "CRBN", "TLR2", "IFNAR1", "JAK3", "PRKCE", "TYK2", "PIKFYVE", "IFNAR2", "VDR", "S1PR3", "S1PR4"], "paneth cell of epithelium of small intestine": ["HMGCR", "JAK2", "PRKCI", "CHRM3", "SIGMAR1", "ACHE", "PRKCA", "SMAD7", "PPARG", "TEC", "HRH1", "PRKCZ", "PRKCD", "VDR"], "tongue muscle cell": ["ACHE", "SCN5A", "ADORA1", "NR3C1", "S1PR3", "PRKD1"], "immature enterocyte": ["HMGCR", "RBX1", "PRKCI", "PPIA", "SIGMAR1", "PRKCA", "CRBN", "PPARG", "CUL4A", "PRKCZ", "DDB1", "VDR", "FKBP1A", "NCBP2"], "mature nk t cell": ["PRKCH", "PPIA", "CNR2", "PRKCA", "SELPLG", "PRKCB", "NR3C1", "SMAD7", "TEC", "ITGA4", "OPRM1", "PDE4B", "ITGB7", "TNF", "PRKCQ", "CD3E", "TXK", "JAK1", "PDE4D", "CRBN", "JAK3", "ITK", "IFNAR2", "S1PR5", "MS4A1"], "mesenchymal stem cell": ["PRKD3", "PTGS2", "JAK1", "ICAM1", "PDE4D", "PPIA", "SIGMAR1", "SMAD7", "NR3C1", "PPARG", "S1PR2", "IL6", "FKBP1A", "S1PR3", "PRKD1", "AGTR1", "PTGS1", "GHR"], "retinal blood vessel endothelial cell": ["PRKCH", "BMX", "PPIA", "CUL4A", "HRH1", "PTGS2", "SMAD7", "FKBP1A", "ICAM1", "NCBP2", "PRKD3", "JAK1", "S1PR1", "CRBN", "IFNAR1", "PRKCE", "IFNAR2", "DDB1", "MMP1", "IL6"], "mature enterocyte": ["HMGCR", "ACHE", "PRKCA", "PPARG", "HRH1", "PRKCZ", "PRKCD", "VDR", "OPRM1", "NCBP1"], "macrophage": ["RBX1", "PPIA", "SELPLG", "NR3C1", "CUL4A", "HRH1", "BTK", "TLR7", "PTGS2", "RARA", "SMAD7", "PPARG", "TEC", "PRKCD", "FKBP1A", "ITGA4", "PTGS1", "JAK2", "ICAM1", "MAPK14", "CD14", "PDE4B", "TNF", "ALOX5", "TLR2", "IFNAR1", "PRKCE", "TYK2", "PIKFYVE", "IFNAR2", "VDR", "IL1RAP"], "artery endothelial cell": ["PRKCI", "RBX1", "PRKCH", "BMX", "NR3C1", "HRH1", "SMAD7", "PPARG", "FKBP1A", "ICAM1", "CHRM3", "MAPK14", "NCBP2", "PRKD3", "JAK1", "S1PR1", "CRBN", "IFNAR1", "IFNAR2", "IL6"], "pancreatic acinar cell": ["CHRM3", "SIGMAR1", "ATP4A", "CRBN", "ADORA1", "CUL4A", "IFNAR1", "GABRB3", "PRKCZ", "PIKFYVE", "DDB1", "MMP7"], "connective tissue cell": ["PRKD3", "RBX1", "PDE4D", "SIGMAR1", "RARB", "PIKFYVE", "DDB1", "PRKD1", "AGTR1", "PTGS1", "GHR"], "b cell": ["CNR2", "PRKCB", "BTK", "TEC", "ITGA4", "ADORA2A", "TLR9", "PDE4B", "ITGB7", "NCBP2", "TNF", "IL23A", "JAK1", "ALOX5", "IL2RA", "JAK3", "PRKCE", "MS4A1", "S1PR4"], "cd24 neutrophil": ["HMGCR", "BMX", "SCN8A", "SELPLG", "PRKCB", "NR3C1", "BTK", "DHFR", "PTGS2", "TEC", "PRKCD", "FKBP1A", "FFAR2", "JAK2", "MAPK14", "SCN5A", "CNR1", "ALOX5", "PDE4D", "MMP8", "TLR2", "OPRD1", "IFNAR1", "JAK3", "TYK2"], "global": ["ACHE", "ADORA1", "ADORA2A", "ADORA2B", "AGTR1", "ALOX5", "ATP4A", "BMX", "BTK", "CD14", "CD3E", "CD40LG", "CD80", "CD86", "CHRM1", "CHRM3", "CNR1", "CNR2", "CRBN", "CSF2RA", "CUL4A", "CXCL10", "DDB1", "DHFR", "DHODH", "FFAR2", "FKBP1A", "GABRA1", "GABRA2", "GABRA4", "GABRA6", "GABRB1", "GABRB3", "GABRD", "GABRG1", "GABRG3", "GHR", "HMGCR", "HRH1", "ICAM1", "IFNAR1", "IFNAR2", "IL13", "IL1RAP", "IL1RL2", "IL23A", "IL2RA", "IL6", "ITGA4", "ITGB7", "ITK", "JAK1", "JAK2", "JAK3", "MADCAM1", "MAPK14", "MMP1", "MMP7", "MMP8", "MS4A1", "NCBP1", "NCBP2", "NR3C1", "OPRD1", "OPRK1", "OPRM1", "PDE4B", "PDE4C", "PDE4D", "PIKFYVE", "PPARG", "PPAT", "PPIA", "PRKCA", "PRKCB", "PRKCD", "PRKCE", "PRKCG", "PRKCH", "PRKCI", "PRKCQ", "PRKCZ", "PRKD1", "PRKD3", "PTGS1", "PTGS2", "RARA", "RARB", "RBX1", "S1PR1", "S1PR2", "S1PR3", "S1PR4", "S1PR5", "SCN1A", "SCN2A", "SCN3A", "SCN4A", "SCN5A", "SCN8A", "SELPLG", "SIGMAR1", "SLC6A3", "SMAD7", "TEC", "TLR2", "TLR7", "TLR9", "TNF", "TPH1", "TXK", "TYK2", "VDR", "XDH"]}}