{"EFO_0000685": {"epithelial cell of lacrimal sac": ["IL6", "ITGAV", "TUBB6", "FGFR3", "PDE9A", "PDE6A", "PDE6B", "LTB4R", "PTGS2", "ESR2", "PDE3A", "HRH1", "TUBB4B", "NOS2", "MIF", "PDE1C", "KIT", "SCN2A", "TUBB2A", "TUBB4A", "TUBB1", "TUBB2B", "TUBB3"], "fast muscle cell": ["PDE5A", "POLD2", "PDE4D", "CUL4A", "KEAP1", "SCN4A", "MAP2K2", "POLE3"], "regulatory t cell": ["CD4", "PPIA", "LTB", "NR3C1", "CD2", "ITK", "SELPLG", "OPRM1", "POLD4", "POLE3", "JAK1", "TRAF3IP2", "PTGER4", "RRM1", "PIK3CD", "PDE9A", "CD40LG", "PDE6B", "IRAK4", "TXK", "PIK3CG", "PRIM2", "POLD1", "ESR2", "JAK3", "IL6R", "PDE3B", "PRIM1", "LTA", "POLE", "MIF", "PDE6D", "ITGAL", "PDE4B", "IL23A", "PDE7A"], "cardiac muscle cell": ["IMPDH2", "PPIA", "ITGAV", "NCBP2", "TUBB6", "MAP2K2", "RBX1", "PDE6B", "DHFR", "MAP2K1", "GMPS", "FDPS", "DDB1", "TUBB", "HMGCR", "POLD2", "TUBB4B", "MIF", "CRBN", "TUBB2A", "PTH1R", "PDE6D", "TYK2", "FKBP1A"], "conjunctival epithelial cell": ["PPIA", "ITGAV", "NCBP2", "TUBB6", "POLE3", "TRAF3IP2", "RBX1", "RRM1", "FGFR3", "PDE6A", "CUL4A", "LTB4R", "PTGS2", "DDB1", "IL6R", "ALOX5", "POLD2", "TUBB4B", "NOS2", "MIF", "TUBB2A", "IL1R1"], "myometrial cell": ["IMPDH2", "PPIA", "ABL1", "IL6", "ITGAV", "TUBB6", "PDGFRB", "TRAF3IP2", "PTGS2", "TUBB", "PDE1B", "HRH2", "PDE8A", "IL6R", "ESR1", "SCN3A", "POLD2", "PDE3A", "HRH1", "PDE10A", "PTGER3", "TUBB4B", "ITGB3", "IL1B", "PDE2A", "TUBB2A", "PDE8B", "PDE5A", "SCN2A", "JAK2", "TUBB2B", "GUCY1B1", "TUBB3", "IL1R1", "FKBP1A"], "large intestine goblet cell": ["PDE3B", "PDE5A", "TUBB2A", "PDE3A", "MAPKAPK5", "HRH1", "ACE", "PPARG", "TUBB4B", "TUBB3", "VDR", "PDE8A", "PTGER4", "FGFR3", "PDE9A"], "respiratory mucous cell": ["PPAT", "ABL1", "PPIA", "IL6", "MAP2K2", "RBX1", "RRM1", "CX3CL1", "NCBP1", "FDPS", "TUBB", "KEAP1", "PDE4D", "HMGCR", "POLD2", "PDE10A", "TUBB4B", "MIF", "BCR", "IL1R1", "IMPDH1", "TYK2", "PDE7A"], "fibroblast of breast": ["PPAT", "IMPDH2", "PPIA", "ABL1", "IL6", "ITGAV", "NCBP2", "TUBB6", "PDGFRB", "PDGFRA", "JAK1", "TRAF3IP2", "GMPS", "MAP2K1", "PTGS2", "TUBB", "POLD3", "POLD2", "HRH1", "PDE10A", "PTGER3", "TUBB4B", "ITGB3", "MIF", "TUBB2A", "MAPK14", "PDE4B", "IL1R1", "FKBP1A"], "muscle cell": ["IMPDH2", "PPIA", "ABL1", "IL6", "ITGAV", "PPARG", "TUBB6", "PDGFRB", "POLE3", "TRAF3IP2", "RRM1", "GMPS", "MAP2K1", "TUBB", "PDE1B", "PDE8A", "IL6R", "POLD2", "PDE3A", "PDE10A", "TUBB4B", "ITGB3", "MIF", "PDE2A", "TUBB2A", "PDE8B", "TUBB4A", "PDE5A", "TUBB2B", "GUCY1B1", "IL1R1", "FKBP1A"], "paneth cell of epithelium of large intestine": ["PPARG", "POLD4", "TEC", "MAP2K2", "SCN8A", "TRAF3IP2", "FAAH", "FGFR3", "PDE9A", "ACE", "VDR", "POLD1", "PDE8A", "POLD3", "HMGCR", "PDE3B", "PDE3A", "HRH1", "TUBB4B", "PDE5A", "TUBB2A", "TUBB3", "FKBP1A"], "myeloid cell": ["CD4", "PPIA", "NR3C1", "ITGAV", "PPARG", "TNFSF13B", "NCBP2", "SELPLG", "CCR5", "POLE3", "JAK1", "RBX1", "PIK3CD", "CCR1", "CSF2RB", "NCBP1", "CUL4A", "LTB4R", "BTK", "MAP2K1", "TLR7", "DDB1", "PIK3CG", "P2RX7", "TUBB", "CSF1R", "PDE1B", "PTAFR", "IL6R", "PDE3B", "ALOX5", "CCR2", "PIKFYVE", "SYK", "IL1B", "MAPK14", "JAK2", "ITGAL", "PTGS1", "IMPDH1", "TYK2", "FKBP1A"], "club cell of prostate epithelium": ["ALOX5", "PDE5A", "PDE8B", "ITGAV", "PPARG", "DDB1", "KEAP1", "PDE4D", "IL1R1", "PDE8A", "FAAH", "PDE9A"], "epithelial cell": ["IMPDH2", "PPIA", "MAP2K2", "TRAF3IP2", "RBX1", "RRM1", "FGFR3", "GMPS", "FDPS", "PTGS2", "DDB1", "TUBB", "KEAP1", "POLD2", "TUBB4B", "MIF", "IL1B", "KIT", "TUBB2A", "FKBP1A"], "capillary endothelial cell": ["IL6", "ITGAV", "PPARG", "TUBB6", "BMX", "PDE9A", "FDPS", "ACE", "ESR2", "HRH1", "PDE10A", "TUBB4B", "NOS2", "SCN4A", "SLC6A4", "TNF", "PDE1C", "PDE2A", "TUBB2A", "BCR", "MAPK11", "IL1R1", "IMPDH1", "PDE7B", "FKBP1A"], "type ii pneumocyte": ["IMPDH2", "PPIA", "NR3C1", "NCBP2", "SCN1A", "MAP2K2", "JAK1", "RBX1", "FDPS", "DDB1", "KEAP1", "VDR", "PDE4D", "IL6R", "POLD3", "HMGCR", "POLD2", "TUBB4B", "MIF", "IL1R1", "FKBP1A"], "serous cell of epithelium of bronchus": ["PPIA", "NR3C1", "PPARG", "TNFSF13B", "NCBP2", "RBX1", "RRM1", "CUL4A", "MAP2K1", "FDPS", "DDB1", "PDE4D", "ESR1", "POLD2", "KIT", "BCR", "PDE4B", "IMPDH1", "FKBP1A"], "cd4-positive helper t cell": ["CD4", "LTB", "NR3C1", "CD2", "ITK", "SELPLG", "OPRM1", "POLD4", "TEC", "JAK1", "PTGER4", "PIK3CD", "PDE6B", "TXK", "PIK3CG", "PRIM2", "POLD1", "ESR2", "JAK3", "IL6R", "PDE3B", "PRIM1", "LTA", "TNF", "CRBN", "ITGAL", "PDE4B", "IL23A", "PDE7A"], "bladder urothelial cell": ["IMPDH2", "PPIA", "ITGAV", "PPARG", "NCBP2", "MAP2K2", "RBX1", "FGFR3", "FDPS", "PTGS2", "DDB1", "TUBB", "HMGCR", "ALOX5", "POLD2", "HRH1", "TUBB4B", "MIF", "IL1B", "TUBB2A", "SLC29A1", "FKBP1A"], "dn4 thymocyte": ["CD4", "IMPDH2", "PPIA", "LTB", "NR3C1", "CD2", "ITK", "SELPLG", "POLD4", "MAP2K2", "POLE3", "JAK1", "TRAF3IP2", "RBX1", "PTGER4", "PIK3CD", "RRM1", "NCBP1", "CUL4A", "MAP2K1", "DHFR", "POLA1", "IRAK4", "GMPS", "FDPS", "DDB1", "TXK", "TUBB", "KEAP1", "PRIM2", "POLD1", "JAK3", "POLD3", "PDE3B", "PRIM1", "TUBB4B", "MIF", "PDE6D", "ITGAL", "PDE7A", "PDE4B", "IMPDH1", "TYK2", "FKBP1A"], "pancreatic beta cell": ["ITGAV", "MAP2K2", "SCN8A", "TRAF3IP2", "RBX1", "FDPS", "DDB1", "IL6R", "ESR1", "PDE3B", "POLD2", "PDE10A", "OPRD1", "MIF", "CRBN", "PDE5A", "PDE8B", "TUBB2B", "GUCY1B1", "SLC29A1"], "ciliary body": ["ABL1", "ITGAV", "RBX1", "RRM1", "DHFR", "GMPS", "PTGS2", "DDB1", "TUBB", "PDE4D", "IL6R", "CYSLTR1", "POLD2", "PDE3A", "TUBB4B", "PIKFYVE", "MIF", "PDE5A", "TUBB2A", "PTH1R", "PDE6D", "GUCY1B1", "SLC29A1", "PDE7B"], "cd8-positive, alpha-beta cytokine secreting effector t cell": ["CD2", "ITK", "SELPLG", "TEC", "POLE3", "JAK1", "PTGER4", "PIK3CD", "NCBP1", "PDE6B", "IRAK4", "TXK", "P2RX7", "PIK3CG", "PRIM2", "PDE4D", "ESR2", "JAK3", "TNFSF14", "PRIM1", "SYK", "ITGB3", "CRBN", "TUBB1", "ITGAL", "PTGS1"], "endothelial cell of lymphatic vessel": ["PPIA", "IL6", "ITGAV", "PPARG", "TUBB6", "JAK1", "TRAF3IP2", "RBX1", "BMX", "PDE9A", "CUL4A", "GMPS", "FDPS", "DHODH", "PTGS2", "TUBB", "DDB1", "KEAP1", "PDE8A", "TUBB4B", "MIF", "CRBN", "PDE2A", "BCR", "PDE6D", "MAPK11", "SLC29A1", "PDE4B", "IL1R1", "PDE7B", "FKBP1A"], "lymphatic endothelial cell": ["PPIA", "NR3C1", "ITGAV", "PPARG", "TUBB6", "MAP2K2", "JAK1", "RBX1", "BMX", "GMPS", "FDPS", "TUBB", "KEAP1", "PDE8A", "PIKFYVE", "ITGB3", "MIF", "CRBN", "PDE2A", "BCR", "MAPK11", "SLC29A1", "IL1R1", "IMPDH1", "PDE7B", "FKBP1A"], "duct epithelial cell": ["KIT", "PDE5A", "IL6", "PDE8B", "ITGAV", "CUL4A", "BCR", "FDPS", "PDE7A", "TUBB4B", "DDB1", "SLC29A1", "PDE4D", "IL1R1", "POLD3", "PDE9A"], "respiratory goblet cell": ["IMPDH2", "PPIA", "MAP2K2", "RBX1", "RRM1", "CX3CL1", "FGFR3", "FDPS", "DDB1", "TUBB", "KEAP1", "HMGCR", "POLD2", "TUBB4B", "CRBN", "PDE8B", "BCR", "IL1R1", "FKBP1A"], "double-positive, alpha-beta thymocyte": ["CD4", "ABL1", "PPIA", "LTB", "NR3C1", "CD2", "ITK", "SELPLG", "MAP2K2", "CCR5", "JAK1", "RBX1", "PTGER4", "PIK3CD", "PDE6B", "DHFR", "MAP2K1", "IRAK4", "FDPS", "PTGS2", "MS4A1", "TUBB", "PDE4D", "JAK3", "TNFSF14", "PDE3B", "LTA", "TUBB4B", "PIKFYVE", "MIF", "TNF", "TRPV1", "MAPKAPK5", "ITGAL", "PDE4B", "IL23A", "FKBP1A"], "hillock cell of prostate epithelium": ["IMPDH2", "ALOX5", "ITGAV", "POLE", "PPARG", "DDB1", "KEAP1", "VDR", "PDE4D", "SYK", "PDE8A", "FAAH", "FGFR3"], "acinar cell of salivary gland": ["PDE3B", "KIT", "IMPDH2", "IL6", "PDE3A", "PDE8B", "ITGAV", "GMPS", "POLD2", "FDPS", "TUBB4B", "TUBB", "P2RX7", "TEC", "MAP2K2", "PDE4D", "PDE9A"], "type i nk t cell": ["LTB", "NR3C1", "ITK", "SELPLG", "CD2", "OPRM1", "TEC", "CCR5", "JAK1", "PTGER4", "PIK3CD", "CD40LG", "PDE6B", "TXK", "PIK3CG", "PRIM2", "JAK3", "TNFSF14", "PDE3B", "PRIM1", "LTA", "TNF", "CSF2", "TUBB4A", "ITGAL", "PDE4B", "IL23A", "PDE7A"], "radial glial cell": ["IMPDH2", "PPIA", "ITGAV", "NCBP2", "TUBB6", "MAP2K2", "POLE3", "JAK1", "TRAF3IP2", "RBX1", "FGFR3", "RRM1", "CUL4A", "LTB4R", "GMPS", "FDPS", "PTGS2", "DDB1", "TUBB", "IL6R", "HMGCR", "POLD2", "HRH1", "TUBB4B", "MIF", "TUBB2A", "BCR"], "non-classical monocyte": ["CD4", "SELPLG", "TNFSF13B", "CCR5", "RBX1", "PIK3CD", "CCR1", "CSF2RB", "CUL4A", "LTB4R", "BTK", "MAP2K1", "TLR7", "PIK3CG", "P2RX7", "TUBB", "CSF1R", "PDE1B", "PTAFR", "IL6R", "ALOX5", "CXCL10", "SLC6A4", "SYK", "CCR2", "IL1B", "JAK2", "ITGAL", "PTGS1", "IMPDH1", "TYK2", "FKBP1A"], "pancreatic ductal cell": ["IMPDH2", "PPIA", "ITGAV", "MAP2K2", "RBX1", "FGFR3", "FDPS", "DDB1", "TUBB", "KEAP1", "POLD2", "PDE3A", "PTGER3", "TUBB4B", "MIF", "CRBN", "PDE5A", "PDE8B", "BCR", "GUCY1B1", "IL1R1", "PDE7A"], "duodenum glandular cell": ["IMPDH2", "ITGAV", "TRAF3IP2", "RBX1", "FGFR3", "PDE9A", "FDPS", "ACE", "DDB1", "KEAP1", "PDE4D", "PDE8A", "HMGCR", "POLD2", "TUBB4B", "MIF", "TUBB2A", "SLC29A1", "IL1R1"], "fibroblast": ["IMPDH2", "PPIA", "ABL1", "NR3C1", "ITGAV", "IL6", "TUBB6", "MAP2K2", "PDGFRB", "JAK1", "TRAF3IP2", "RBX1", "PDGFRA", "FDPS", "PTGS2", "DDB1", "TUBB", "KEAP1", "ESR1", "POLD2", "HRH1", "TUBB4B", "MIF", "PDE5A", "TUBB2A", "PTH1R", "PTGS1", "SLC29A1", "IL1R1", "FKBP1A"], "eye photoreceptor cell": ["ITGAV", "NCBP2", "RBX1", "RRM1", "PDE6A", "PDE6B", "IRAK4", "DDB1", "PDE4D", "POLD3", "PRIM1", "POLD2", "TUBB4B", "TRPV1", "CRBN", "MAPKAPK5", "PDE6D", "TUBB2B", "IMPDH1"], "myofibroblast cell": ["IMPDH2", "ABL1", "IL6", "NR3C1", "ITGAV", "IL15", "PPARG", "TUBB6", "PDGFRB", "PDGFRA", "JAK1", "PTGS2", "TUBB", "PDE1B", "PDE8A", "ESR1", "SCN5A", "PDE3B", "TNFSF14", "SCN3A", "POLD2", "PDE3A", "TUBB4B", "CXCL10", "SCN4A", "PDE1C", "PDE5A", "TUBB2A", "PDE8B", "PTH1R", "JAK2", "GUCY1B1", "POLA2", "IL1R1", "PDE7B"], "cd1c-positive myeloid dendritic cell": ["CD4", "PPIA", "ITGAV", "IL15", "SELPLG", "TNFSF13B", "POLD4", "MAP2K2", "POLE3", "JAK1", "CCR5", "RBX1", "PTGER4", "PIK3CD", "CSF2RB", "BTK", "MAP2K1", "PTGS2", "PIK3CG", "P2RX7", "TUBB", "VDR", "CSF1R", "PTAFR", "PDE8A", "JAK3", "IL6R", "PDE3B", "ALOX5", "TUBB4B", "SYK", "PIKFYVE", "MIF", "IL1B", "MAPK14", "BCR", "PDE6D", "JAK2", "ITGAL", "PDE7A", "PDE4B", "IL1R1", "IMPDH1", "TYK2", "FKBP1A"], "ciliated cell": ["TUBB2A", "POLD2", "CUL4A", "FDPS", "TUBB4B", "DDB1", "MIF", "RBX1", "POLD3", "HMGCR"], "transit amplifying cell of large intestine": ["IMPDH2", "PPIA", "PPARG", "NCBP2", "MAP2K2", "POLE3", "RBX1", "PTGER4", "RRM1", "PDE9A", "CUL4A", "DHFR", "GMPS", "POLA1", "FDPS", "DDB1", "TUBB", "KEAP1", "VDR", "PRIM2", "POLD1", "PDE8A", "POLD3", "HMGCR", "PRIM1", "POLD2", "PDE3A", "POLE", "POLE2", "TUBB4B", "MIF", "TUBB2A", "MAPKAPK5", "FKBP1A"], "sperm": ["KIT", "PPIA", "IMPDH2", "POLD2", "FDPS", "ACE", "NCBP2", "PTGS2", "TUBB4B", "SCN5A", "KEAP1", "MIF", "MAP2K2", "IL1R1", "RBX1", "POLD3", "FKBP1A"], "stromal cell": ["PPAT", "IMPDH2", "PPIA", "ABL1", "IL6", "ITGAV", "NCBP2", "TUBB6", "PDGFRB", "POLE3", "JAK1", "TRAF3IP2", "PDGFRA", "CUL4A", "MAP2K1", "GMPS", "PTGS2", "DDB1", "TUBB", "KEAP1", "PDE4D", "PDE8A", "POLD2", "PDE10A", "PTGER3", "TUBB4B", "PIKFYVE", "ITGB3", "MIF", "TUBB2A", "MAPKAPK5", "TUBB2B", "SLC29A1", "PDE4B", "IL1R1", "FKBP1A"], "myoepithelial cell": ["PDE1C", "IMPDH2", "PDE5A", "TUBB2A", "PDE8B", "SCN2A", "ITGAV", "TUBB2B", "TUBB6", "TUBB4B", "TUBB", "PDE4D", "TRAF3IP2"], "pulmonary ionocyte": ["PPIA", "RBX1", "PDE9A", "NCBP1", "GMPS", "FDPS", "IRAK4", "ACE", "PTGS2", "DDB1", "TUBB", "KEAP1", "HMGCR", "POLD2", "PTGER3", "TUBB4B", "SLC6A4", "MIF", "PDE1C", "CRBN", "KIT", "TUBB2A", "MAPK14", "MAPKAPK5", "TUBB2B", "GUCY1B1", "IL1R1", "FKBP1A"], "langerhans cell": ["IMPDH2", "PPIA", "IL6", "ITGAV", "IL15", "ITK", "SELPLG", "NCBP2", "TUBB6", "POLD4", "TEC", "POLE3", "JAK1", "RBX1", "PTGER4", "CSF2RB", "FDPS", "BTK", "MAP2K1", "DDB1", "PIK3CG", "TUBB", "VDR", "POLD1", "PDE8A", "IL6R", "PDE3B", "ALOX5", "PTGER3", "TUBB4B", "PIKFYVE", "MIF", "TNF", "PDE2A", "MAPKAPK5", "PDE6D", "PTGS1", "SLC29A1", "PDE4B", "IL1R1", "TYK2", "FKBP1A"], "tendon cell": ["IMPDH2", "PPIA", "ABL1", "NR3C1", "ITGAV", "IL6", "TUBB6", "PDGFRA", "PDGFRB", "RBX1", "CUL4A", "PTGS2", "TUBB", "POLD2", "HRH1", "TUBB4B", "PDE5A", "TUBB2A", "PTGS1", "IL1R1", "PDE7B", "FKBP1A"], "intestinal tuft cell": ["PDE1C", "KIT", "PDE2A", "TUBB2A", "ALOX5", "TLR9", "BCR", "ACE", "POLE", "TUBB2B", "PTGS1", "TUBB3", "PIK3CG", "PDE4D", "FGFR3", "BMX"], "mesothelial cell": ["IMPDH2", "PPIA", "ITGAV", "TUBB6", "MAP2K2", "TRAF3IP2", "RBX1", "FDPS", "DDB1", "TUBB", "KEAP1", "IL6R", "TNFSF14", "POLD2", "PTGER3", "TUBB4B", "MIF", "CRBN", "BCR", "MAPKAPK5", "PTGS1", "IL1R1", "PDE7B", "FKBP1A"], "transit amplifying cell of small intestine": ["IMPDH2", "PPIA", "PPARG", "MAP2K2", "POLE3", "FAAH", "RRM1", "NCBP1", "CUL4A", "DHFR", "FDPS", "ACE", "TUBB", "VDR", "PDE8A", "POLD3", "HMGCR", "PRIM1", "POLD2", "POLE", "TUBB4B", "SYK", "MIF", "PDE5A", "TUBB2A", "MAPKAPK5"], "basal cell": ["IMPDH2", "PPIA", "ITGAV", "TUBB6", "MAP2K2", "POLE3", "TRAF3IP2", "RBX1", "RRM1", "FGFR3", "CX3CL1", "CUL4A", "LTB4R", "GMPS", "FDPS", "DDB1", "TUBB", "KEAP1", "VDR", "HMGCR", "POLD2", "TUBB4B", "MIF", "TUBB2A", "BCR"], "microglial cell": ["CD4", "PPIA", "ITGAV", "SELPLG", "TNFSF13B", "POLD4", "CCR5", "RBX1", "PTGER4", "PIK3CD", "CCR1", "PDE6A", "CSF2RB", "LTB4R", "BTK", "MAP2K1", "TLR7", "PTGS2", "PIK3CG", "P2RX7", "TUBB", "VDR", "CSF1R", "PDE1B", "PTAFR", "PDE8A", "JAK3", "IL6R", "PDE3B", "ALOX5", "TNFSF13", "CCR2", "PIKFYVE", "ITGB3", "SYK", "TNF", "IL1B", "TUBB2A", "JAK2", "PTGS1", "PDE4B", "TYK2", "FKBP1A"], "naive regulatory t cell": ["CD4", "IMPDH2", "PPIA", "LTB", "NR3C1", "CD2", "ITK", "SELPLG", "POLD4", "JAK1", "TRAF3IP2", "PTGER4", "RRM1", "PIK3CD", "PDE9A", "NCBP1", "PDE6B", "CUL4A", "MAP2K1", "IRAK4", "GMPS", "TXK", "PIK3CG", "TUBB", "PRIM2", "POLD1", "ESR2", "PDE8A", "JAK3", "IL6R", "PDE3B", "PRIM1", "LTA", "PIKFYVE", "MIF", "TNF", "MAPKAPK5", "PDE6D", "ITGAL", "MAPK11", "IL17RA", "PDE4B", "IL23A", "TYK2", "PDE7A"], "endothelial cell of vascular tree": ["PPAT", "PPIA", "IL6", "ITGAV", "PPARG", "NCBP2", "TUBB6", "JAK1", "TRAF3IP2", "BMX", "PDE9A", "CSF2RB", "CUL4A", "PTGS2", "ESR2", "HRH1", "PDE10A", "TUBB4B", "ITGB3", "CRBN", "PDE2A", "BCR", "MAPK11", "IL1R1", "PDE7B", "FKBP1A"], "retinal ganglion cell": ["CRBN", "PTH1R", "POLD2", "BCR", "POLA1", "CSF2RA", "NCBP2", "TYK2", "POLD4", "PDE4D", "RBX1", "POLD3"], "cd8-positive, alpha-beta cytotoxic t cell": ["LTB", "NR3C1", "CD2", "ITK", "SELPLG", "POLD4", "CCR5", "JAK1", "PTGER4", "PIK3CD", "NCBP1", "PDE6B", "MAP2K1", "IRAK4", "MS4A1", "TXK", "PIK3CG", "DDB1", "PRIM2", "POLD1", "PDE4D", "JAK3", "TNFSF14", "PDE3B", "LTA", "CCR2", "MIF", "TNF", "CSF2", "TUBB4A", "BCR", "PDE6D", "ITGAL", "MAPK11", "PDE4B", "IL23A", "PDE7A"], "hepatocyte": ["PPAT", "ITGAV", "NCBP2", "MAP2K2", "RBX1", "FGFR3", "NCBP1", "CUL4A", "DHFR", "GMPS", "FDPS", "DHODH", "TUBB", "IL6R", "TNFSF14", "PDE3B", "HMGCR", "POLD2", "TUBB2A", "MAPK14", "MAPKAPK5", "TUBB2B"], "pericyte cell": ["ABL1", "PPIA", "IL6", "NR3C1", "ITGAV", "PPARG", "TUBB6", "PDGFRB", "JAK1", "RBX1", "GMPS", "TUBB", "PDE1B", "PDE8A", "SCN3A", "POLD2", "PDE3A", "PDE10A", "PTGER3", "TUBB4B", "SCN4A", "PDE1C", "PDE2A", "TUBB2A", "TUBB4A", "PTH1R", "PDE5A", "GUCY1B1", "SLC29A1", "PDE7B"], "fibroblast of cardiac tissue": ["ABL1", "ITGAV", "TUBB6", "POLD4", "PDGFRB", "PDGFRA", "RBX1", "BMX", "NCBP1", "KEAP1", "PDE4D", "PDE8A", "PDE3B", "PDE3A", "PDE10A", "MIF", "PDE1C", "PDE5A", "PTH1R", "TUBB2B", "GUCY1B1", "POLA2", "PDE7B"], "liver dendritic cell": ["CD4", "PPIA", "NR3C1", "IL15", "SELPLG", "TNFSF13B", "POLD4", "CCR5", "RBX1", "PTGER4", "PDE6A", "CSF2RB", "NCBP1", "CUL4A", "BTK", "MAP2K1", "GMPS", "TLR7", "DHODH", "PTGS2", "PIK3CG", "DDB1", "VDR", "CSF1R", "PDE1B", "PDE8A", "JAK3", "IL6R", "ESR1", "HMGCR", "TNFSF14", "ALOX5", "SYK", "PIKFYVE", "IL1B", "CRBN", "PDE6D", "JAK2", "ITGAL", "GUCY1B1", "PDE7A", "PTGS1", "PDE4B", "IL1R1", "TYK2", "FKBP1A"], "pancreatic pp cell": ["SCN3A", "SCN2A", "NCBP1", "PDE3A", "GUCY1B1", "DDB1", "SLC6A4", "PDE4D", "SCN8A", "PDE9A"], "goblet cell": ["TUBB2A", "NCBP1", "PDE3A", "MAPKAPK5", "HRH1", "ACE", "PPARG", "TUBB2B", "TUBB4B", "VDR", "HMGCR", "PDE4D", "PDE8A", "FGFR3", "PDE9A"], "ionocyte": ["PPIA", "IL6", "TUBB6", "FAAH", "PDE9A", "FDPS", "PTGS2", "KEAP1", "PTAFR", "POLD2", "PTGER3", "TUBB4B", "SLC6A4", "ITGB3", "PDE1C", "KIT", "PDE5A", "MAPKAPK5", "SLC29A1", "IL1R1", "PDE7A"], "t follicular helper cell": ["CD4", "IMPDH2", "PPIA", "LTB", "NR3C1", "CD2", "ITK", "SELPLG", "POLD4", "POLE3", "JAK1", "PTGER4", "RRM1", "PIK3CD", "PDE9A", "NCBP1", "MAP2K1", "IRAK4", "DDB1", "TXK", "PIK3CG", "POLD1", "PDE4D", "JAK3", "HMGCR", "PDE3B", "LTA", "TUBB4B", "MIF", "TNF", "TUBB2A", "TUBB4A", "BCR", "ITGAL", "MAPK11", "IL17RA", "PDE4B", "IL23A"], "plasma cell": ["PPAT", "IMPDH2", "PPIA", "SELPLG", "NCBP2", "MAP2K2", "POLE3", "RBX1", "RRM1", "CSF2RB", "DHFR", "BTK", "MAP2K1", "FDPS", "DDB1", "PIK3CG", "KEAP1", "JAK3", "PRIM1", "CYSLTR1", "POLD2", "POLE2", "TUBB4B", "CCR2", "SYK", "MIF", "ITGAL", "IMPDH1", "TYK2"], "epithelial cell of uterus": ["IMPDH2", "PPIA", "ITGAV", "NCBP2", "MAP2K2", "TRAF3IP2", "RBX1", "CX3CL1", "PDE9A", "FDPS", "PTGS2", "DDB1", "TUBB", "IL6R", "ESR1", "HMGCR", "POLD2", "TUBB4B", "MIF", "TNF", "TUBB2A", "BCR", "PTGS1", "IL1R1", "FKBP1A"], "cardiac endothelial cell": ["ITGAV", "IL15", "PPARG", "TUBB6", "RBX1", "BMX", "PDE9A", "FDPS", "POLA1", "TUBB", "KEAP1", "PDE8A", "PDE10A", "TUBB4B", "SCN4A", "SLC6A4", "MIF", "PDE2A", "TUBB2A", "PDE8B", "PTH1R", "PDE6D", "TUBB2B", "MAPK11", "GUCY1B1", "SLC29A1", "IL1R1", "PDE7B", "FKBP1A"], "endothelial cell of hepatic sinusoid": ["CD4", "ITGAV", "PPARG", "TUBB6", "FGFR3", "BMX", "FDPS", "IRAK4", "ACE", "PTGS2", "TUBB", "PDE8A", "ESR1", "POLE", "PDE10A", "PIKFYVE", "ITGB3", "IL1B", "CRBN", "PDE2A", "TUBB4A", "BCR", "MAPK11", "PTGS1", "SLC29A1", "IL1R1", "PDE7B", "FKBP1A"], "alveolar fibroblast": ["CD4", "PDE1C", "PDE5A", "PTH1R", "ABL1", "ITGAV", "IL6", "GUCY1B1", "TUBB6", "PTGS2", "TNFSF13", "PDGFRA", "TNFSF13B", "PTGER3", "PDGFRB", "SLC6A4", "IL1R1", "PDE7B"], "ocular surface cell": ["PPIA", "NR3C1", "ITGAV", "PPARG", "NCBP2", "TUBB6", "POLE3", "JAK1", "BMX", "CUL4A", "FDPS", "DHODH", "DDB1", "TUBB", "PDE8A", "POLD3", "SCN5A", "TUBB4B", "ITGB3", "CRBN", "PDE2A", "MAPK14", "BCR", "MAPKAPK5", "MAPK11", "SLC29A1", "PDE4B", "IL1R1", "IMPDH1", "PDE7B", "FKBP1A"], "small intestine goblet cell": ["PDE5A", "TUBB2A", "NCBP1", "MAPKAPK5", "HRH1", "POLE", "ACE", "PPARG", "PDE10A", "TUBB3", "TUBB4B", "POLD4", "VDR", "TEC", "HMGCR", "PTGER4", "FGFR3", "PDE9A"], "erythroid progenitor": ["PPAT", "IMPDH2", "PPIA", "NCBP2", "TUBB6", "TEC", "MAP2K2", "POLE3", "RBX1", "RRM1", "NCBP1", "CUL4A", "BTK", "DHFR", "POLA1", "GMPS", "FDPS", "DDB1", "TUBB", "KEAP1", "PRIM2", "POLD1", "POLD3", "PRIM1", "POLD2", "POLE", "POLE2", "TUBB4B", "MIF", "CRBN", "KIT", "MAPK14", "MAPKAPK5", "JAK2", "GUCY1B1", "PTGS1", "SLC29A1", "FKBP1A"], "skeletal muscle satellite stem cell": ["PPAT", "IMPDH2", "PPIA", "ABL1", "NR3C1", "ITGAV", "NCBP2", "TUBB6", "PDGFRA", "POLE3", "TRAF3IP2", "PDE4D", "IL6R", "SCN5A", "ESR1", "POLD2", "PDE10A", "MIF", "TRPV1", "TUBB2A", "PDE8B", "TUBB2B", "POLA2", "PDE4B", "IL1R1", "PDE7B"], "myeloid dendritic cell": ["PPAT", "CD4", "IMPDH2", "PPIA", "LTB", "NR3C1", "IL15", "SELPLG", "TNFSF13B", "TUBB6", "POLD4", "MAP2K2", "JAK1", "RBX1", "PTGER4", "DHFR", "MAP2K1", "IRAK4", "GMPS", "DDB1", "PIK3CG", "TUBB", "KEAP1", "IL6R", "POLD2", "SYK", "PIKFYVE", "MIF", "MAPK14", "PDE6D", "JAK2", "IL17RA", "PDE4B", "IMPDH1", "FKBP1A"], "dendritic cell": ["CD4", "PPIA", "LTB", "IL15", "CD2", "ITK", "TNFSF13B", "SELPLG", "CCR5", "RBX1", "PTGER4", "PIK3CD", "CCR1", "CSF2RB", "FDPS", "BTK", "MAP2K1", "TLR7", "PTGS2", "TXK", "P2RX7", "PIK3CG", "VDR", "CSF1R", "PRIM2", "PDE1B", "POLD1", "CD86", "PTAFR", "TNFSF14", "ALOX5", "PTGER3", "TNFSF13", "CCR2", "SYK", "TNF", "IL1B", "JAK2", "CD80", "ITGAL", "PDE7A", "PTGS1", "POLA2", "PDE4B", "IMPDH1", "TYK2", "FKBP1A"], "intestinal crypt stem cell": ["IMPDH2", "PPIA", "ABL1", "PPARG", "NCBP2", "MAP2K2", "POLE3", "TRAF3IP2", "RBX1", "PDE9A", "NCBP1", "CUL4A", "FDPS", "DDB1", "VDR", "PDE8A", "HMGCR", "POLD2", "PDE3A", "TUBB4B", "NOS2", "MIF", "CRBN", "TUBB2A", "MAPKAPK5", "FKBP1A"], "dn3 thymocyte": ["CD4", "LTB", "CD2", "IL23A", "ITK", "NCBP2", "SELPLG", "OPRM1", "POLE3", "JAK1", "PTGER4", "PIK3CD", "TXK", "PIK3CG", "PRIM2", "JAK3", "IL6R", "PDE3B", "PRIM1", "LTA", "MIF", "CRBN", "ITGAL", "PDE4B", "CD40LG"], "limbal stem cell": ["IMPDH2", "PPIA", "ITGAV", "POLE3", "RRM1", "FGFR3", "CUL4A", "LTB4R", "IRAK4", "DDB1", "TUBB", "KEAP1", "PDE4D", "IL6R", "TUBB4B", "PIKFYVE", "MIF", "KIT", "TUBB2A", "MAPKAPK5", "PDE7A"], "adventitial cell": ["IMPDH2", "PPIA", "ABL1", "NR3C1", "ITGAV", "IL6", "NCBP2", "TUBB6", "POLD4", "PDGFRA", "PDGFRB", "JAK1", "RBX1", "DDB1", "TUBB", "KEAP1", "POLD2", "TUBB4B", "MIF", "CRBN", "MAPK14", "IL1R1", "FKBP1A"], "cd141-positive myeloid dendritic cell": ["CD4", "IMPDH2", "PPIA", "LTB", "NR3C1", "IL15", "SELPLG", "TNFSF13B", "NCBP2", "POLD4", "MAP2K2", "POLE3", "JAK1", "RBX1", "PTGER4", "PIK3CD", "CSF2RB", "GMPS", "BTK", "MAP2K1", "PTGS2", "DDB1", "PIK3CG", "P2RX7", "TUBB", "VDR", "CSF1R", "JAK3", "IL6R", "ALOX5", "SYK", "PIKFYVE", "IL1B", "KIT", "MAPK14", "PDE6D", "JAK2", "ITGAL", "PDE7A", "PDE4B", "IMPDH1", "TYK2", "FKBP1A"], "enterocyte of epithelium of large intestine": ["PDE6A", "PDE5A", "TUBB2A", "PDE3A", "HRH1", "ACE", "PPARG", "TUBB3", "TUBB4B", "VDR", "TEC", "SCN8A", "PDE8A", "FGFR3", "PDE9A"], "enterocyte of epithelium of small intestine": ["IMPDH2", "PPARG", "TEC", "FAAH", "FGFR3", "PDE9A", "ACE", "VDR", "PDE8A", "IL6R", "PDE3A", "HRH1", "POLE", "PDE10A", "TUBB4B", "TNFSF13", "NOS2", "TRPV1", "PDE5A", "TUBB2A", "MAPKAPK5", "TUBB3"], "immune cell": ["CD4", "LTB", "NR3C1", "CD2", "IL23A", "ITK", "SELPLG", "OPRM1", "CCR5", "PTGER4", "FGFR3", "MAP2K1", "PTGS2", "PIK3CG", "P2RX7", "VDR", "CSF1R", "PDE4D", "CD86", "JAK3", "IL6R", "HMGCR", "PDE3B", "TNFSF14", "LTA", "PTGER3", "CCR2", "TNF", "IL1B", "CSF2", "TUBB2A", "CD80", "ITGAL", "PTGS1", "PDE4B", "CD40LG"], "myeloid progenitor": ["PPAT", "IMPDH2", "PPIA", "NR3C1", "NCBP2", "TEC", "MAP2K2", "POLE3", "JAK1", "RBX1", "RRM1", "CSF2RB", "NCBP1", "CUL4A", "BTK", "DHFR", "POLA1", "GMPS", "FDPS", "DDB1", "TUBB", "KEAP1", "PRIM2", "PRIM1", "POLD2", "POLE", "POLE2", "SYK", "PIKFYVE", "MIF", "IL1B", "CRBN", "KIT", "MAPK14", "BCR", "MAPKAPK5", "GUCY1B1", "PTGS1", "SLC29A1", "FKBP1A"], "plasmablast": ["PPIA", "SELPLG", "NCBP2", "MAP2K2", "POLE3", "RBX1", "RRM1", "CSF2RB", "DHFR", "BTK", "MAP2K1", "FDPS", "DDB1", "PIK3CG", "VDR", "PRIM2", "POLD1", "PRIM1", "CYSLTR1", "POLD2", "POLE2", "SYK", "MIF", "JAK2", "ITGAL", "POLA2", "PDE4B", "IMPDH1", "TYK2", "FKBP1A"], "kidney epithelial cell": ["CRBN", "PPIA", "TUBB2A", "PTH1R", "ABL1", "DHFR", "POLD2", "FDPS", "GUCY1B1", "NCBP2", "DDB1", "VDR", "MIF", "PDE4D", "PDE8A", "RBX1", "POLD3", "FKBP1A"], "intrahepatic cholangiocyte": ["ITGAV", "SCN8A", "RBX1", "FGFR3", "PDE9A", "NCBP1", "CUL4A", "GMPS", "FDPS", "DHODH", "DDB1", "TUBB", "PDE8A", "POLD3", "HMGCR", "TNFSF14", "POLD2", "MIF", "PDE5A", "BCR", "GUCY1B1"], "retina horizontal cell": ["NCBP2", "MAP2K2", "TRAF3IP2", "RBX1", "PDE6A", "PDE6B", "DDB1", "KEAP1", "PDE4D", "POLD3", "SCN3A", "TUBB4B", "MIF", "TRPV1", "SCN2A", "TUBB2A", "TUBB4A", "PDE8B", "MAPKAPK5", "PDE6D", "TUBB2B", "IMPDH1"], "plasmacytoid dendritic cell": ["CD4", "IMPDH2", "PPIA", "NR3C1", "SELPLG", "TNFSF13B", "TUBB6", "POLD4", "MAP2K2", "CCR5", "RBX1", "FAAH", "PIK3CD", "CSF2RB", "NCBP1", "FDPS", "BTK", "TLR7", "MS4A1", "PIK3CG", "TUBB", "DDB1", "KEAP1", "PRIM2", "ESR2", "JAK3", "IL6R", "PRIM1", "POLE", "CCR2", "SYK", "MIF", "IL1B", "KIT", "BCR", "MAPKAPK5", "JAK2", "ITGAL", "PDE4B", "TYK2", "PDE7A"], "tracheal goblet cell": ["ABL1", "POLD4", "MAP2K2", "CUL4A", "FDPS", "IRAK4", "DDB1", "PDE4D", "PTAFR", "PDE8A", "POLD3", "HMGCR", "TUBB4B", "NOS2", "PIKFYVE", "MIF", "TUBB2A", "PDE8B", "BCR", "TYK2"], "club cell": ["IL6R", "KIT", "PDE6B", "PDE8B", "BCR", "MAPKAPK5", "FDPS", "PTGS2", "PDE7A", "CX3CL1", "POLD1", "SLC6A4", "PDE4D", "PDE8A", "RBX1", "FGFR3", "HMGCR"], "cd4-positive, alpha-beta memory t cell": ["CD4", "LTB", "NR3C1", "ITK", "SELPLG", "CD2", "OPRM1", "JAK1", "PTGER4", "PIK3CD", "CD40LG", "TXK", "PIK3CG", "ESR2", "PDE4D", "IL6R", "JAK3", "PDE3B", "PRIM1", "LTA", "TNF", "CRBN", "ITGAL", "TUBB1", "PDE4B", "IL23A"], "vascular associated smooth muscle cell": ["IMPDH2", "PPIA", "ABL1", "IL6", "ITGAV", "PPARG", "TUBB6", "POLD4", "PDGFRB", "JAK1", "TUBB", "PDE1B", "PDE8A", "IL6R", "SCN3A", "POLD2", "PDE3A", "PDE10A", "PTGER3", "TUBB4B", "SCN4A", "ITGB3", "MIF", "TRPV1", "PDE1C", "PDE2A", "TUBB2A", "PDE8B", "TUBB4A", "PDE4C", "PDE6D", "PTH1R", "PDE5A", "JAK2", "GUCY1B1", "TUBB3", "SLC29A1"], "cell of skeletal muscle": ["IMPDH2", "PPIA", "ABL1", "IL6", "NCBP2", "TUBB6", "MAP2K2", "POLE3", "TRAF3IP2", "PTGER4", "CUL4A", "GMPS", "POLA1", "DDB1", "TUBB", "PDE1B", "PDE4D", "IL6R", "POLD3", "POLD2", "HRH1", "TUBB4B", "MIF", "CSF2", "TUBB2A", "PDE8B", "PTH1R", "BCR", "PDE6D", "SLC29A1", "FKBP1A"], "type i pneumocyte": ["PPIA", "ITGAV", "TUBB6", "SCN1A", "RBX1", "RRM1", "DHFR", "FDPS", "PTGS2", "DDB1", "TUBB", "KEAP1", "VDR", "POLD1", "PDE4D", "IL6R", "HMGCR", "POLD2", "TUBB4B", "SLC6A4", "CRBN", "BCR", "FKBP1A"], "medullary thymic epithelial cell": ["IMPDH2", "PPIA", "ITGAV", "NCBP2", "TUBB6", "POLD4", "MAP2K2", "POLE3", "TRAF3IP2", "RBX1", "GMPS", "FDPS", "DDB1", "TUBB", "KEAP1", "IL6R", "TNFSF14", "POLD2", "PTGER3", "TUBB4B", "MIF", "BCR", "PTGS1", "IL1R1", "FKBP1A"], "mucus secreting cell": ["TUBB2A", "POLD2", "ITGAV", "CUL4A", "BCR", "IRAK4", "FDPS", "NCBP2", "DDB1", "POLD4", "PDE4D", "PDE8A", "MIF", "TYK2", "HMGCR"], "luminal epithelial cell of mammary gland": ["IMPDH2", "PPIA", "ITGAV", "NCBP2", "MAP2K2", "JAK1", "TRAF3IP2", "RBX1", "RRM1", "CX3CL1", "GMPS", "FDPS", "TUBB", "ALOX5", "POLD2", "MIF", "CRBN", "KIT", "PDE4B", "FKBP1A"], "gut endothelial cell": ["IL6", "IL15", "TUBB6", "FGFR3", "BMX", "PDE9A", "CSF2RB", "ACE", "PTGS2", "PDE8A", "CYSLTR1", "PDE3A", "HRH1", "PDE10A", "TUBB4B", "ITGB3", "PDE1C", "CRBN", "PDE2A", "BCR", "MAPK11", "GUCY1B1", "PTGS1", "TUBB3", "IL1R1", "PDE7B", "FKBP1A"], "serous cell of epithelium of trachea": ["ABL1", "TUBB2A", "IL6", "ITGAV", "CUL4A", "MAPKAPK5", "PDE6D", "ACE", "FDPS", "TUBB4B", "DDB1", "POLD4", "CX3CL1", "MIF", "MAP2K2", "PDE4D", "RBX1", "RRM1"], "immature natural killer cell": ["LTB", "NR3C1", "CD2", "ITK", "TNFSF13B", "TEC", "POLE3", "JAK1", "PTGER4", "PIK3CD", "MAP2K1", "POLA1", "TXK", "PDE1B", "ESR2", "JAK3", "PRIM1", "POLE", "SYK", "PIKFYVE", "KIT", "MAPKAPK5", "JAK2", "ITGAL", "GUCY1B2", "IL1R1", "IL23A", "PDE7A"], "hematopoietic stem cell": ["PPAT", "IMPDH2", "PPIA", "NR3C1", "SELPLG", "TNFSF13B", "NCBP2", "POLD4", "TEC", "MAP2K2", "POLE3", "RBX1", "RRM1", "PIK3CD", "NCBP1", "PDE6B", "DHFR", "BTK", "GMPS", "FDPS", "DDB1", "PIK3CG", "TUBB", "KEAP1", "JAK3", "PRIM1", "POLD2", "TNFSF13", "SYK", "MIF", "IL1B", "CRBN", "KIT", "MAPK14", "BCR", "MAPKAPK5", "PDE6D", "GUCY1B1", "PDE7A", "PTGS1", "FKBP1A"], "nk cell": ["CD2", "ITK", "SELPLG", "TEC", "CCR5", "POLE3", "JAK1", "PTGER4", "PIK3CD", "PDE6B", "IRAK4", "TXK", "P2RX7", "PIK3CG", "PRIM2", "PDE4D", "ESR2", "JAK3", "TNFSF14", "PDE3B", "PRIM1", "LTA", "SYK", "CSF2", "CRBN", "BCR", "TUBB1", "ITGAL", "PDE7A"], "ciliated epithelial cell": ["IMPDH2", "PPIA", "NCBP2", "MAP2K2", "TRAF3IP2", "RBX1", "CUL4A", "FDPS", "DDB1", "TUBB", "KEAP1", "POLD1", "ESR1", "HMGCR", "POLD3", "POLD2", "TUBB4B", "MIF", "TUBB2A", "BCR", "FKBP1A"], "retinal pigment epithelial cell": ["KIT", "TUBB4A", "ITGAV", "TUBB4B", "DDB1", "KEAP1", "CSF1R", "MIF", "PDGFRB", "TRAF3IP2", "RBX1", "FGFR3", "ESR1", "HMGCR"], "endothelial cell of artery": ["PPIA", "IL6", "NR3C1", "ITGAV", "PPARG", "TUBB6", "PTGER4", "RBX1", "FGFR3", "PDE9A", "BMX", "FDPS", "ACE", "POLA1", "PTGS2", "TUBB", "KEAP1", "PDE3A", "HRH1", "PDE10A", "TUBB4B", "SLC6A4", "CRBN", "PDE2A", "MAPK14", "BCR", "PDE6D", "MAPK11", "GUCY1B1", "SLC29A1", "FKBP1A"], "pancreatic alpha cell": ["SCN8A", "TRAF3IP2", "RBX1", "PDE9A", "ACE", "DDB1", "PDE8A", "IL6R", "PDE3B", "SCN3A", "POLD2", "PDE10A", "PTGER3", "SLC6A4", "MIF", "CRBN", "PDE8B", "GUCY1B1", "SLC29A1"], "nampt neutrophil": ["LTB", "NR3C1", "SELPLG", "TNFSF13B", "PIK3CD", "BMX", "CSF2RB", "LTB4R", "BTK", "IRAK4", "PTGS2", "PIK3CG", "PDE1B", "PTAFR", "IL6R", "JAK3", "SCN5A", "TNFSF14", "PDE3B", "ALOX5", "TNFSF13", "OPRD1", "SYK", "MAPK14", "JAK2", "ITGAL", "IL1R1", "IMPDH1", "TYK2", "FKBP1A"], "lung microvascular endothelial cell": ["IMPDH2", "PPIA", "IL6", "PPARG", "TUBB6", "RBX1", "CX3CL1", "BMX", "PDE9A", "CSF2RB", "FDPS", "TUBB", "KEAP1", "PTAFR", "HRH1", "POLE2", "PDE10A", "SLC6A4", "CRBN", "PDE2A", "BCR", "MAPK11", "SLC29A1", "IL1R1", "PDE7B", "FKBP1A"], "bronchial smooth muscle cell": ["CD4", "PDE5A", "PTH1R", "PDE3A", "ITGAV", "PDE6D", "JAK2", "GUCY1B1", "TUBB6", "SLC29A1", "PDE1B", "PDGFRB", "SLC6A4", "RBX1"], "bronchial vessel endothelial cell": ["IMPDH2", "PPIA", "ABL1", "IL6", "ITGAV", "NCBP2", "TUBB6", "MAP2K2", "JAK1", "RBX1", "BMX", "CUL4A", "GMPS", "FDPS", "DDB1", "TUBB", "KEAP1", "POLD2", "HRH1", "PDE10A", "TUBB4B", "MIF", "PDE2A", "BCR", "MAPK11", "SLC29A1", "PDE4B", "IL1R1", "IMPDH1", "PDE7B", "FKBP1A"], "granulocyte": ["IMPDH2", "PPIA", "NR3C1", "SELPLG", "TNFSF13B", "NCBP2", "POLD4", "POLE3", "RBX1", "RRM1", "PIK3CD", "NCBP1", "CUL4A", "LTB4R", "BTK", "MAP2K1", "POLA1", "DHFR", "IRAK4", "GMPS", "DDB1", "PIK3CG", "TUBB", "KEAP1", "CSF1R", "PRIM2", "POLD1", "PTAFR", "JAK3", "IL6R", "POLD3", "PRIM1", "POLD2", "POLE", "TNFSF13", "CCR2", "PIKFYVE", "MIF", "SYK", "MAPK14", "BCR", "JAK2", "PDE7A", "POLA2", "IMPDH1", "TYK2", "FKBP1A"], "lacrimal gland functional unit cell": ["PPAT", "ITGAV", "SCN1A", "OPRM1", "PDE9A", "NCBP1", "GMPS", "POLA1", "PDE4D", "ESR1", "PDE3B", "SCN3A", "POLE", "PDE10A", "PTGER3", "PIKFYVE", "PDE1C", "KIT", "PDE5A", "SCN2A", "PDE8B", "MAPKAPK5"], "vein endothelial cell": ["IMPDH2", "PPIA", "IL6", "ITGAV", "PPARG", "NCBP2", "TUBB6", "JAK1", "RBX1", "CX3CL1", "BMX", "PDE9A", "CSF2RB", "CUL4A", "GMPS", "FDPS", "DDB1", "TUBB", "KEAP1", "PTAFR", "PDE8A", "CYSLTR1", "HRH1", "PDE10A", "TUBB4B", "SLC6A4", "MIF", "CRBN", "PDE2A", "BCR", "PDE6D", "MAPK11", "SLC29A1", "IL1R1", "PDE7B", "FKBP1A"], "muller cell": ["ITGAV", "NCBP2", "SCN8A", "RBX1", "PDE9A", "PDE6A", "PDE6B", "DHFR", "DDB1", "TUBB", "POLD2", "PDE10A", "TUBB4B", "PIKFYVE", "MIF", "PDE5A", "TUBB2A", "PDE8B", "TUBB4A", "SCN2A", "PDE6D", "TUBB2B", "GUCY1B1", "IMPDH1", "PDE7B"], "retinal bipolar neuron": ["ITGAV", "NCBP2", "SCN1A", "MAP2K2", "RBX1", "PDE9A", "PDE6A", "NCBP1", "DDB1", "TUBB", "KEAP1", "POLD3", "HMGCR", "PDE3A", "TUBB4B", "MIF", "PDE1C", "CRBN", "PDE5A", "TUBB2A", "TUBB4A", "PDE8B", "BCR", "MAPKAPK5", "PDE6D", "SCN2A", "TUBB2B", "GUCY1B1", "PDE4B", "IMPDH1"], "schwann cell": ["CD4", "ITGAV", "NCBP2", "TUBB6", "MAP2K2", "RBX1", "RRM1", "PDE9A", "LTB4R", "DDB1", "TUBB", "P2RX7", "POLD3", "HMGCR", "PDE3B", "POLD2", "SCN4A", "KIT", "PDE5A", "TUBB2A", "TUBB4A", "BCR", "TUBB2B"], "endothelial cell": ["PPIA", "IL6", "NR3C1", "ITGAV", "PPARG", "TUBB6", "JAK1", "TRAF3IP2", "RBX1", "BMX", "PDE9A", "GMPS", "FDPS", "ACE", "DDB1", "TUBB", "KEAP1", "PDE8A", "CYSLTR1", "HRH1", "PDE10A", "TUBB4B", "SCN4A", "ITGB3", "MIF", "CRBN", "PDE2A", "BCR", "MAPK11", "SLC29A1", "IL1R1", "IMPDH1", "PDE7B", "FKBP1A"], "monocyte": ["CD4", "PPIA", "SELPLG", "TNFSF13B", "POLE3", "RBX1", "PIK3CD", "CCR1", "CSF2RB", "CUL4A", "LTB4R", "BTK", "MAP2K1", "DHFR", "IRAK4", "TLR7", "PIK3CG", "P2RX7", "VDR", "CSF1R", "PDE1B", "PTAFR", "JAK3", "IL6R", "POLD3", "ALOX5", "TNFSF13", "CCR2", "PIKFYVE", "ITGB3", "SYK", "CRBN", "MAPK14", "MAPKAPK5", "JAK2", "TUBB1", "ITGAL", "IL17RA", "PTGS1", "IMPDH1", "TYK2", "FKBP1A"], "pancreatic delta cell": ["PDE3B", "SCN3A", "IL6R", "CRBN", "POLD2", "PDE8B", "NR3C1", "ITGAV", "FDPS", "PDE10A", "DDB1", "SLC29A1", "MIF", "MAP2K2", "OPRD1", "SCN8A", "RBX1"], "luminal cell of prostate epithelium": ["IMPDH2", "ITGAV", "MAP2K2", "FAAH", "RRM1", "PDE9A", "CUL4A", "ACE", "DDB1", "PRIM2", "PDE4D", "IL6R", "HMGCR", "PDE3B", "TUBB4B", "PIKFYVE", "MIF", "CRBN", "PDE8B", "OPRK1", "PDE7A", "PDE4B", "IL1R1", "FKBP1A"], "corneal epithelial cell": ["PPIA", "ITGAV", "NCBP2", "TUBB6", "MAP2K2", "POLE3", "JAK1", "TRAF3IP2", "RBX1", "FGFR3", "RRM1", "CUL4A", "FDPS", "PTGS2", "DDB1", "TUBB", "VDR", "IL6R", "HMGCR", "POLD2", "TUBB4B", "MIF", "KIT", "TUBB2A", "FKBP1A"], "limbal stromal cell": ["CD4", "PDE1C", "PDE5A", "KIT", "PDE8B", "TUBB4A", "DHFR", "ITGAV", "POLD2", "FDPS", "DDB1", "TUBB", "KEAP1", "MIF", "PDE8A", "RBX1"], "keratinocyte": ["IMPDH2", "PPIA", "TUBB6", "MAP2K2", "POLE3", "TRAF3IP2", "RBX1", "FGFR3", "RRM1", "LTB4R", "GMPS", "FDPS", "DDB1", "TUBB", "KEAP1", "VDR", "HMGCR", "POLD2", "TUBB4B", "MIF", "TUBB2A", "MAPK14", "PTGS1", "FKBP1A"], "intermediate monocyte": ["CD4", "PPIA", "IL15", "SELPLG", "TNFSF13B", "TEC", "CCR5", "RBX1", "PIK3CD", "BMX", "CCR1", "CSF2RB", "LTB4R", "BTK", "MAP2K1", "POLA1", "TLR7", "PTGS2", "PIK3CG", "P2RX7", "VDR", "CSF1R", "PDE1B", "PTAFR", "JAK3", "IL6R", "POLD3", "SCN5A", "ALOX5", "POLE", "TNFSF13", "CXCL10", "CCR2", "PIKFYVE", "SYK", "IL1B", "MAPK14", "JAK2", "ITGAL", "PDE4B", "IMPDH1", "TYK2", "FKBP1A"], "memory b cell": ["PPIA", "LTB", "IL15", "NCBP2", "POLD4", "TEC", "POLE3", "JAK1", "PIK3CD", "PDE6B", "BTK", "IRAK4", "MS4A1", "PIK3CG", "PRIM2", "ESR2", "JAK3", "PRIM1", "ALOX5", "LTA", "SYK", "PIKFYVE", "TNF", "TUBB4A", "ITGAL", "PDE4B", "PDE7A"], "basal cell of prostate epithelium": ["KIT", "IMPDH2", "NR3C1", "GMPS", "PTGS2", "TUBB4B", "TUBB", "DDB1", "FAAH", "MIF", "IL1R1", "TRAF3IP2", "RBX1", "FGFR3", "POLD3"], "lung ciliated cell": ["CD4", "POLD2", "FDPS", "TUBB4B", "DDB1", "PDE4D", "RBX1", "POLD3", "HMGCR"], "intestinal crypt stem cell of large intestine": ["ABL1", "PPARG", "POLD4", "PTGER4", "FGFR3", "PDE9A", "ACE", "VDR", "POLD1", "PDE8A", "PDE3A", "HRH1", "POLE", "PTGER3", "TUBB4B", "NOS2", "TUBB2A", "MAPKAPK5", "TUBB3"], "intestinal crypt stem cell of small intestine": ["IMPDH2", "PPIA", "PPARG", "MAP2K2", "TRAF3IP2", "DHFR", "FDPS", "DDB1", "VDR", "PDE8A", "IL6R", "HMGCR", "POLD2", "PDE3A", "TUBB4B", "SYK", "MIF", "TUBB2A", "MAPKAPK5", "FKBP1A"], "intestinal enteroendocrine cell": ["ABL1", "PPARG", "SCN8A", "FAAH", "FGFR3", "PDE9A", "NCBP1", "FDPS", "ACE", "DDB1", "VDR", "PDE4D", "PDE8A", "HMGCR", "POLD2", "PTGER3", "TUBB4B", "MIF", "PDE2A", "TUBB2A", "PDE8B", "PDE5A", "TUBB2B", "SLC29A1"], "smooth muscle cell": ["ABL1", "PPIA", "ITGAV", "TUBB6", "PDGFRB", "MAP2K2", "PDGFRA", "RBX1", "RRM1", "GMPS", "FDPS", "DDB1", "TUBB", "KEAP1", "POLD2", "PDE3A", "PTGER3", "MIF", "CRBN", "PDE5A", "PTH1R", "PDE8B", "JAK2", "GUCY1B1", "SLC29A1", "IL1R1"], "pancreatic stellate cell": ["IMPDH2", "PPIA", "ABL1", "NR3C1", "ITGAV", "PPARG", "NCBP2", "TUBB6", "MAP2K2", "PDGFRB", "JAK1", "PDGFRA", "RBX1", "GMPS", "FDPS", "TUBB", "KEAP1", "PDE8A", "POLD2", "PDE3A", "PDE10A", "PTGER3", "TUBB4B", "MIF", "CRBN", "PDE5A", "TUBB2A", "TUBB4A", "PTH1R", "GUCY1B1", "IL1R1", "PDE7B", "FKBP1A"], "dn1 thymic pro-t cell": ["CD4", "LTB", "NR3C1", "CD2", "ITK", "SELPLG", "NCBP2", "OPRM1", "CCR5", "POLE3", "JAK1", "PTGER4", "PIK3CD", "CD40LG", "IRAK4", "TXK", "PIK3CG", "PRIM2", "PDE4D", "ESR2", "JAK3", "TNFSF14", "PDE3B", "PRIM1", "LTA", "CCR2", "MIF", "TNF", "CSF2", "CRBN", "BCR", "ITGAL", "PDE4B", "IL23A"], "hillock-club cell of prostate epithelium": ["CRBN", "IMPDH2", "RBX1", "PDE8B", "ALOX5", "ITGAV", "FDPS", "PPARG", "NCBP2", "PTGS2", "TUBB4B", "DDB1", "KEAP1", "MAP2K2", "PDE4D", "MIF", "FKBP1A"], "mature conventional dendritic cell": ["CD4", "PPIA", "IL15", "SELPLG", "TNFSF13B", "MAP2K2", "JAK1", "RBX1", "PIK3CD", "CSF2RB", "FDPS", "MAP2K1", "IRAK4", "DDB1", "PIK3CG", "TUBB", "PDE1B", "POLD1", "CD86", "JAK3", "IL6R", "POLD3", "ALOX5", "TNFSF13", "SYK", "PIKFYVE", "MIF", "KIT", "MAPK14", "PDE8B", "PDE6D", "JAK2", "CD80", "IL1R1", "IMPDH1", "TYK2", "PDE7A"], "naive thymus-derived cd4-positive, alpha-beta t cell": ["CD4", "PPIA", "LTB", "ITK", "SELPLG", "CD2", "OPRM1", "JAK1", "PTGER4", "PIK3CD", "CD40LG", "TXK", "ESR2", "JAK3", "IL6R", "PDE3B", "PRIM1", "LTA", "CRBN", "ITGAL", "TUBB1", "PDE4B", "IL23A"], "secretory cell": ["IMPDH2", "PPIA", "ITGAV", "NCBP2", "TRAF3IP2", "RBX1", "RRM1", "FGFR3", "CX3CL1", "CUL4A", "FDPS", "DDB1", "TUBB", "KEAP1", "POLD3", "HMGCR", "POLD2", "TUBB4B", "MIF", "TUBB2A", "BCR", "POLA2", "TYK2"], "adipocyte": ["IMPDH2", "PPIA", "ITGAV", "PPARG", "NCBP2", "TUBB6", "MAP2K2", "POLE3", "RBX1", "RRM1", "CUL4A", "DHFR", "GMPS", "FDPS", "DDB1", "KEAP1", "VDR", "HMGCR", "POLD2", "POLE", "MIF", "CRBN", "MAPKAPK5", "FKBP1A"], "melanocyte": ["PPAT", "ABL1", "PPIA", "NR3C1", "ITGAV", "POLE3", "TRAF3IP2", "RBX1", "DDB1", "TUBB", "P2RX7", "PDE4D", "PDE8A", "IL6R", "PDE3B", "POLD2", "PDE10A", "PIKFYVE", "MIF", "KIT", "TUBB2A", "TUBB4A", "TUBB2B", "TUBB3", "SLC29A1"], "salivary gland cell": ["IMPDH2", "PPIA", "IL6", "NR3C1", "ITGAV", "NCBP2", "TUBB6", "MAP2K2", "POLE3", "JAK1", "RBX1", "RRM1", "CX3CL1", "DHFR", "GMPS", "FDPS", "TUBB", "KEAP1", "POLD1", "POLD3", "POLD2", "TUBB4B", "MIF", "CRBN", "KIT"], "corneal keratocyte": ["IMPDH2", "ABL1", "ITGAV", "PDGFRA", "PDGFRB", "JAK1", "RRM1", "ACE", "PTGS2", "DDB1", "TUBB", "KEAP1", "POLD3", "PDE1C", "CRBN", "PDE5A", "SCN2A", "MAPK14", "SLC29A1", "IL1R1"], "classical monocyte": ["CD4", "PPIA", "PPARG", "TNFSF13B", "SELPLG", "POLD4", "MAP2K2", "POLE3", "JAK1", "RBX1", "PIK3CD", "CCR1", "CSF2RB", "NCBP1", "CUL4A", "LTB4R", "BTK", "MAP2K1", "DHFR", "IRAK4", "TLR7", "PTGS2", "PIK3CG", "P2RX7", "VDR", "CSF1R", "PDE1B", "PTAFR", "JAK3", "IL6R", "POLD3", "ALOX5", "TNFSF13", "CCR2", "PIKFYVE", "SYK", "IL1B", "CRBN", "MAPK14", "JAK2", "TUBB1", "ITGAL", "PDE4B", "IMPDH1", "TYK2", "FKBP1A"], "paneth cell of epithelium of small intestine": ["IMPDH2", "PPARG", "TNFSF13B", "TEC", "MAP2K2", "FAAH", "FGFR3", "PDE9A", "ACE", "KEAP1", "VDR", "PDE8A", "HMGCR", "PDE3A", "HRH1", "TUBB4B", "PDE5A", "TUBB2A", "MAPKAPK5", "JAK2"], "tongue muscle cell": ["TRPV1", "PDE1C", "IMPDH2", "GNRHR", "TUBB2A", "PDE8B", "PTH1R", "NR3C1", "POLD2", "POLA1", "TUBB2B", "POLA2", "SLC29A1", "PDGFRB", "IL1R1", "TRAF3IP2", "PDE7B", "SCN5A"], "immature enterocyte": ["IMPDH2", "PPIA", "ABL1", "PPARG", "NCBP2", "MAP2K2", "TRAF3IP2", "PTGER4", "RBX1", "PDE9A", "CUL4A", "FDPS", "ACE", "DDB1", "VDR", "PDE8A", "HMGCR", "POLD2", "PDE3A", "TUBB4B", "MIF", "CRBN", "PDE5A", "TUBB2A", "MAPKAPK5", "FKBP1A"], "mature nk t cell": ["PPIA", "LTB", "NR3C1", "CD2", "ITK", "SELPLG", "OPRM1", "TEC", "CCR5", "POLE3", "JAK1", "PTGER4", "PIK3CD", "PDE6B", "IRAK4", "MS4A1", "TXK", "PIK3CG", "PRIM2", "PDE4D", "ESR2", "JAK3", "TNFSF14", "PDE3B", "PRIM1", "LTA", "TNF", "CRBN", "TUBB4A", "BCR", "ITGAL", "PDE4B", "PDE7A"], "mesenchymal stem cell": ["IMPDH2", "PPIA", "ABL1", "NR3C1", "ITGAV", "IL6", "PPARG", "TUBB6", "MAP2K2", "PDGFRB", "JAK1", "TRAF3IP2", "PTGER4", "PDGFRA", "PTGS2", "TUBB", "PDE4D", "IL6R", "TNFSF14", "POLD2", "PDE10A", "TUBB4B", "PDE5A", "PTH1R", "PTGS1", "POLA2", "SLC29A1", "IL1R1", "FKBP1A"], "retinal blood vessel endothelial cell": ["IMPDH2", "PPIA", "IL6", "ITGAV", "NCBP2", "TUBB6", "JAK1", "CX3CL1", "BMX", "CSF2RB", "CUL4A", "FDPS", "IRAK4", "ACE", "PTGS2", "DDB1", "TUBB", "PDE8A", "HRH1", "PDE10A", "TUBB4B", "ITGB3", "CRBN", "PDE2A", "BCR", "MAPK11", "SLC29A1", "IL1R1", "PDE7B", "FKBP1A"], "mature enterocyte": ["PPARG", "OPRM1", "MAP2K2", "FAAH", "FGFR3", "PDE9A", "PDE6A", "NCBP1", "ACE", "VDR", "PDE8A", "IL6R", "HMGCR", "PDE3A", "HRH1", "TUBB4B", "NOS2", "TRPV1", "PDE5A", "TUBB2A", "TUBB4A", "MAPKAPK5"], "macrophage": ["CD4", "PPIA", "NR3C1", "ITGAV", "PPARG", "TNFSF13B", "TUBB6", "SELPLG", "TEC", "CCR5", "RBX1", "PTGER4", "CCR1", "CSF2RB", "CUL4A", "LTB4R", "BTK", "ACE", "MAP2K1", "TLR7", "PTGS2", "PIK3CG", "P2RX7", "TUBB", "VDR", "CSF1R", "PDE1B", "PTAFR", "PDE8A", "IL6R", "POLD3", "PDE3B", "ALOX5", "HRH1", "SYK", "PIKFYVE", "TNF", "IL1B", "MAPK14", "JAK2", "ITGAL", "PTGS1", "SLC29A1", "PDE4B", "IMPDH1", "TYK2", "FKBP1A"], "artery endothelial cell": ["IL6", "NR3C1", "ITGAV", "PPARG", "NCBP2", "TUBB6", "JAK1", "RBX1", "BMX", "FDPS", "IRAK4", "ACE", "TUBB", "KEAP1", "HRH1", "MIF", "CRBN", "PDE2A", "MAPK14", "BCR", "MAPK11", "GUCY1B1", "SLC29A1", "IMPDH1", "FKBP1A"], "pancreatic acinar cell": ["IMPDH2", "ATP4A", "ITGAV", "MAP2K2", "PTGER4", "FGFR3", "RRM1", "CUL4A", "GMPS", "IRAK4", "DDB1", "TUBB", "PDE8A", "PDE3B", "POLD2", "PDE3A", "PTGER3", "PIKFYVE", "CRBN", "PDE5A", "PDE8B", "GUCY1B1", "SLC29A1"], "connective tissue cell": ["ABL1", "ITGAV", "TUBB6", "PDGFRB", "PDGFRA", "TRAF3IP2", "RBX1", "DDB1", "PDE4D", "ESR1", "TNFSF14", "PDE3B", "POLD2", "PDE3A", "POLE", "PDE10A", "PTGER3", "PIKFYVE", "TRPV1", "PDE1C", "PDE5A", "PTH1R", "TUBB2B", "PTGS1", "IL1R1"], "b cell": ["LTB", "TLR9", "NCBP2", "POLD4", "TEC", "JAK1", "PIK3CD", "PDE6B", "BTK", "MS4A1", "PIK3CG", "PRIM2", "ESR2", "JAK3", "PRIM1", "ALOX5", "LTA", "TNFSF13", "SYK", "TNF", "TUBB4A", "ITGAL", "PDE4B", "IL23A", "PDE7A"], "cd24 neutrophil": ["LTB", "NR3C1", "SELPLG", "TNFSF13B", "TEC", "SCN8A", "PIK3CD", "BMX", "CSF2RB", "LTB4R", "BTK", "MAP2K1", "DHFR", "IRAK4", "PTGS2", "PIK3CG", "PDE1B", "PDE4D", "PTAFR", "JAK3", "IL6R", "SCN5A", "HMGCR", "TNFSF14", "ALOX5", "POLE", "TNFSF13", "OPRD1", "SYK", "MAPK14", "BCR", "JAK2", "ITGAL", "IMPDH1", "TYK2", "FKBP1A"], "global": ["ABL1", "ACE", "ALOX5", "ATP4A", "BCR", "BMX", "BTK", "CCR1", "CCR2", "CCR5", "CD2", "CD4", "CD40LG", "CD80", "CD86", "CRBN", "CSF1R", "CSF2", "CSF2RA", "CSF2RB", "CUL4A", "CX3CL1", "CXCL10", "CYSLTR1", "DDB1", "DHFR", "DHODH", "ESR1", "ESR2", "FAAH", "FDPS", "FGFR3", "FKBP1A", "GMPS", "GNRHR", "GUCY1B1", "GUCY1B2", "HMGCR", "HRH1", "HRH2", "IL15", "IL17RA", "IL1B", "IL1R1", "IL23A", "IL6", "IL6R", "IMPDH1", "IMPDH2", "IRAK4", "ITGAL", "ITGAV", "ITGB3", "ITK", "JAK1", "JAK2", "JAK3", "KEAP1", "KIT", "LTA", "LTB", "LTB4R", "MAP2K1", "MAP2K2", "MAPK11", "MAPK14", "MAPKAPK5", "MIF", "MS4A1", "NCBP1", "NCBP2", "NOS2", "NR3C1", "OPRD1", "OPRK1", "OPRM1", "P2RX7", "PDE10A", "PDE1B", "PDE1C", "PDE2A", "PDE3A", "PDE3B", "PDE4B", "PDE4C", "PDE4D", "PDE5A", "PDE6A", "PDE6B", "PDE6D", "PDE7A", "PDE7B", "PDE8A", "PDE8B", "PDE9A", "PDGFRA", "PDGFRB", "PIK3CD", "PIK3CG", "PIKFYVE", "POLA1", "POLA2", "POLD1", "POLD2", "POLD3", "POLD4", "POLE", "POLE2", "POLE3", "PPARG", "PPAT", "PPIA", "PRIM1", "PRIM2", "PTAFR", "PTGER3", "PTGER4", "PTGS1", "PTGS2", "PTH1R", "RBX1", "RRM1", "SCN1A", "SCN2A", "SCN3A", "SCN4A", "SCN5A", "SCN8A", "SELPLG", "SLC29A1", "SLC6A4", "SYK", "TEC", "TLR7", "TLR9", "TNF", "TNFSF13", "TNFSF13B", "TNFSF14", "TRAF3IP2", "TRPV1", "TUBB", "TUBB1", "TUBB2A", "TUBB2B", "TUBB3", "TUBB4A", "TUBB4B", "TUBB6", "TXK", "TYK2", "VDR"]}}